#,Player,Team,Pos,DPM,ODPM,DDPM,Box,On/Off DPM,MPG,Pace,Pts per 100,Ast per 100,FG%,3P%,FT%,$ Value,Salary,Surplus Value
1,Nikola Jokic,Denver Nuggets,C-F,+8,+5,+2,+5,+8,35.7,99.7,37.3,13.1,57.2%,34.3%,81.1%,$86.2M,$54.7M,+$31.6M
2,Kawhi Leonard,Los Angeles Clippers,F,+6,+5,+1,+6,+6,33.7,98.0,42.6,6.8,51.1%,40.2%,89.1%,$67.9M,$49.5M,+$18.4M
3,Shai Gilgeous-Alexander,Oklahoma City Thunder,G,+6,+6,+1,+5,+7,38.7,99.6,38.7,9.9,55.5%,37.7%,87.8%,$78.9M,$38.0M,+$40.9M
4,Victor Wembanyama,San Antonio Spurs,F-C,+6,+3,+3,+7,+6,33.5,95.6,36.7,4.6,48.5%,34.9%,82.5%,$68.6M,$13.2M,+$55.4M
5,Donovan Mitchell,Cleveland Cavaliers,G,+6,+6,-0,+3,+6,34.8,102.4,39.8,8.7,47.8%,34.6%,84.4%,$66.0M,$45.9M,+$20.1M
6,Giannis Antetokounmpo,Milwaukee Bucks,F-G,+5,+4,+2,+4,+6,32.6,98.0,38.3,8.3,60.6%,29.4%,63.9%,$63.6M,$53.6M,+$10.0M
7,Anthony Edwards,Minnesota Timberwolves,G,+5,+5,-0,+5,+5,36.3,97.0,39.7,5.5,47.3%,37.4%,81.4%,$62.5M,$45.1M,+$17.4M
8,Luka Doncic,Los Angeles Lakers,G,+5,+5,-0,+3,+5,32.8,100.0,42.1,11.3,46.9%,35.5%,77.5%,$61.8M,$45.5M,+$16.2M
9,Jayson Tatum,Boston Celtics,F,+5,+4,+0,+3,+5,30.1,100.0,37.2,7.3,44.6%,36.2%,84.2%,$53.6M,$53.6M,+$0.0M
10,Cade Cunningham,Detroit Pistons,G,+4,+3,+1,+2,+4,26.9,99.3,34.5,14.9,47.8%,33.4%,82.3%,$56.1M,$45.9M,+$10.2M
11,Chet Holmgren,Oklahoma City Thunder,C-F,+4,+1,+2,+3,+4,28.6,100.6,26.8,3.1,53.8%,36.4%,77.4%,$46.8M,$13.6M,+$33.2M
12,Tyrese Haliburton,Indiana Pacers,G,+3,+3,+0,+5,+3,21.9,97.2,29.5,12.1,46.9%,37.9%,82.2%,$32.6M,$45.1M,-$12.5M
13,Kevin Durant,Houston Rockets,F-G,+3,+3,+0,+3,+3,29.4,95.3,35.1,6.2,50.3%,38.8%,88.3%,$47.3M,$54.2M,-$6.8M
14,Joel Embiid,Philadelphia 76ers,C-F,+3,+3,+1,+3,+3,28.2,94.9,40.4,6.5,51.4%,34.3%,84.2%,$47.8M,$54.7M,-$6.9M
15,Aaron Gordon,Denver Nuggets,F,+3,+3,+0,+2,+3,27.2,95.3,25.5,5.1,51.1%,35.0%,77.5%,$38.1M,$22.6M,+$15.5M
16,Jarrett Allen,Cleveland Cavaliers,C,+3,+1,+2,+2,+3,32.9,102.7,29.2,3.9,64.1%,25.8%,73.4%,$42.9M,$19.8M,+$23.1M
17,Bam Adebayo,Miami Heat,C-F,+3,+1,+2,+1,+3,27.3,102.0,31.6,4.4,46.7%,32.2%,76.6%,$45.4M,$36.7M,+$8.7M
18,Evan Mobley,Cleveland Cavaliers,C,+3,+1,+1,+3,+3,34.6,98.9,27.8,5.3,55.2%,32.9%,66.9%,$42.5M,$45.9M,-$3.4M
19,Jamal Murray,Denver Nuggets,G,+3,+4,-1,+2,+3,37.6,96.2,35.4,9.2,49.4%,39.1%,88.9%,$45.7M,$45.9M,-$0.2M
20,OG Anunoby,New York Knicks,F,+3,+1,+2,+3,+3,34.0,98.7,24.4,3.1,50.3%,37.3%,82.0%,$45.1M,$39.2M,+$5.9M
21,Rudy Gobert,Minnesota Timberwolves,C,+3,-1,+4,+2,+3,29.3,97.0,15.7,3.1,65.9%,17.4%,56.2%,$41.1M,$34.7M,+$6.4M
22,Mitchell Robinson,New York Knicks,C,+3,+0,+3,+2,+3,19.7,99.1,14.3,2.3,67.9%,12.6%,50.8%,$27.5M,$12.8M,+$14.7M
23,Derrick White,Boston Celtics,G,+3,+1,+1,+1,+3,38.4,96.4,27.2,8.7,44.4%,36.5%,89.5%,$40.7M,$27.8M,+$12.9M
24,Jalen Brunson,New York Knicks,G,+3,+4,-1,+1,+3,35.7,99.5,34.4,9.3,49.6%,36.9%,82.1%,$45.5M,$34.6M,+$10.9M
25,Karl-Anthony Towns,New York Knicks,C-F,+3,+2,+1,+1,+3,32.0,99.2,31.4,4.7,54.1%,38.0%,85.6%,$37.3M,$52.6M,-$15.3M
26,James Harden,Cleveland Cavaliers,G,+3,+4,-1,+3,+3,36.6,99.2,30.6,11.4,44.5%,34.7%,87.2%,$42.4M,$38.8M,+$3.6M
27,LaMelo Ball,Charlotte Hornets,G,+3,+3,-0,+2,+3,29.7,97.1,32.9,10.7,39.5%,35.7%,88.8%,$33.5M,$37.6M,-$4.1M
28,Stephen Curry,Golden State Warriors,G,+3,+4,-1,+2,+3,30.0,103.5,38.8,9.5,44.7%,38.7%,90.8%,$34.7M,$59.0M,-$24.3M
29,Neemias Queta,Boston Celtics,C,+3,+0,+3,+3,+2,27.1,96.1,20.5,2.9,67.8%,15.8%,73.1%,$32.0M,$2.3M,+$29.7M
30,Ty Jerome,Memphis Grizzlies,G,+3,+3,-0,+4,+1,27.2,95.2,35.0,9.4,42.8%,39.2%,86.3%,$34.3M,$8.7M,+$25.6M
31,Jimmy Butler,Golden State Warriors,G-F,+2,+2,+1,+2,+2,32.1,101.0,32.8,8.4,50.0%,33.1%,80.8%,$35.5M,$53.6M,-$18.1M
32,Isaiah Hartenstein,Oklahoma City Thunder,F-C,+2,-1,+3,+2,+3,20.6,98.7,17.9,6.9,62.0%,22.2%,62.9%,$38.0M,$28.2M,+$9.7M
33,Alex Caruso,Oklahoma City Thunder,G,+2,-0,+3,+2,+2,18.7,100.7,17.6,4.7,43.7%,36.8%,79.2%,$27.9M,$17.9M,+$10.0M
34,Robert Williams III,Portland Trail Blazers,F,+2,+0,+2,+3,+2,19.0,101.7,20.8,3.5,66.7%,29.6%,69.5%,$22.7M,$13.2M,+$9.5M
35,Jaylen Brown,Boston Celtics,F,+2,+3,-1,+2,+2,35.2,98.3,39.0,8.4,49.8%,36.1%,77.7%,$42.6M,$52.6M,-$10.0M
36,Jalen Suggs,Orlando Magic,G,+2,+0,+2,+2,+2,30.2,103.8,24.3,8.9,43.8%,34.5%,83.6%,$32.3M,$34.7M,-$2.4M
37,Jakob Poeltl,Toronto Raptors,C,+2,-1,+3,+2,+2,25.4,92.1,18.5,3.7,65.8%,13.4%,65.0%,$31.9M,$19.3M,+$12.6M
38,Tyrese Maxey,Philadelphia 76ers,G,+2,+3,-1,+3,+2,36.4,94.4,36.9,8.0,47.5%,37.2%,89.4%,$47.5M,$37.6M,+$9.9M
39,Scottie Barnes,Toronto Raptors,F,+2,+0,+2,+2,+2,33.1,92.9,25.7,6.9,49.7%,32.6%,81.5%,$36.9M,$38.3M,-$1.3M
40,Devin Booker,Phoenix Suns,G,+2,+3,-1,+2,+2,33.8,96.5,38.9,8.4,46.3%,36.3%,88.2%,$37.5M,$52.6M,-$15.1M
41,Jalen Duren,Detroit Pistons,C,+2,+1,+1,+1,+2,20.5,100.0,32.0,3.2,64.7%,15.5%,72.3%,$29.5M,$6.4M,+$23.1M
42,De'Aaron Fox,San Antonio Spurs,G,+2,+2,-0,+1,+2,30.7,97.5,27.8,10.1,49.0%,35.0%,77.0%,$36.2M,$36.7M,-$0.5M
43,Steven Adams,Houston Rockets,C,+2,-1,+3,+0,+2,19.6,97.4,15.7,3.0,51.2%,17.1%,46.2%,$21.6M,$14.0M,+$7.6M
44,Kon Knueppel,Charlotte Hornets,G-F,+2,+3,-1,+3,+1,34.9,97.8,27.4,4.7,45.8%,44.1%,86.3%,$33.9M,$9.9M,+$24.0M
45,Austin Reaves,Los Angeles Lakers,G,+2,+3,-1,+1,+2,31.8,96.2,30.5,7.6,48.9%,37.2%,87.3%,$37.1M,$13.8M,+$23.3M
46,Anthony Davis,Washington Wizards,F-C,+2,+0,+1,+3,+2,20.7,93.1,28.8,4.3,50.4%,31.1%,74.7%,$28.9M,$53.6M,-$24.7M
47,Ivica Zubac,Indiana Pacers,C,+2,+0,+2,+2,+2,21.4,95.5,23.4,3.6,60.9%,14.4%,67.9%,$24.6M,$17.9M,+$6.7M
48,Tyler Herro,Miami Heat,G,+2,+2,-0,+2,+2,31.0,98.8,32.9,6.4,45.5%,36.7%,88.7%,$37.6M,$30.7M,+$6.9M
49,Fred VanVleet,Houston Rockets,G,+2,+1,+1,+0,+2,22.0,99.1,25.4,7.6,38.4%,35.0%,82.1%,$20.7M,$24.8M,-$4.0M
50,Donte DiVincenzo,Minnesota Timberwolves,G,+2,+1,+1,+2,+2,28.2,98.4,18.2,6.5,43.8%,39.0%,77.8%,$30.1M,$11.9M,+$18.2M
51,Paul George,Philadelphia 76ers,F,+2,+0,+1,+1,+2,16.1,94.0,25.9,6.0,44.8%,38.8%,83.0%,$26.9M,$51.2M,-$24.2M
52,Jaren Jackson Jr.,Utah Jazz,F,+2,+0,+1,-0,+2,29.0,103.2,33.1,3.8,45.8%,35.1%,79.3%,$29.1M,$34.7M,-$5.5M
53,De'Anthony Melton,Golden State Warriors,G,+2,+0,+1,+0,+2,24.9,98.9,28.3,5.2,42.6%,37.1%,81.3%,$30.3M,$3.1M,+$27.2M
54,Derrick Jones Jr.,Los Angeles Clippers,F,+2,+0,+1,-0,+2,33.0,98.7,21.7,2.9,51.1%,36.0%,75.1%,$29.4M,$9.9M,+$19.5M
55,Deni Avdija,Portland Trail Blazers,F,+2,+2,-1,+0,+2,31.8,103.1,32.0,10.2,48.3%,33.5%,78.7%,$31.1M,$14.2M,+$16.9M
56,Jalen Williams,Oklahoma City Thunder,G-F,+2,+1,+0,+0,+2,18.5,100.7,30.1,8.1,49.7%,35.8%,77.5%,$29.3M,$6.5M,+$22.7M
57,Lauri Markkanen,Utah Jazz,F,+2,+2,-0,+1,+2,32.6,104.2,37.1,3.5,45.3%,36.2%,88.2%,$32.6M,$45.9M,-$13.4M
58,Pascal Siakam,Indiana Pacers,F,+2,+2,-0,+1,+2,35.8,100.0,32.9,5.1,48.9%,33.0%,70.3%,$35.4M,$45.1M,-$9.7M
59,Dwight Powell,Dallas Mavericks,F-C,+1,-1,+3,+1,+1,5.0,98.2,10.7,3.4,63.1%,24.8%,65.7%,$12.9M,$4.0M,+$9.0M
60,Brandon Clarke,Memphis Grizzlies,F,+1,+0,+1,+2,+1,18.0,98.0,22.7,2.5,54.4%,27.8%,66.3%,$15.6M,$12.4M,+$3.3M
61,Donovan Clingan,Portland Trail Blazers,C,+1,+0,+1,+2,+0,32.1,99.8,23.1,4.7,53.2%,32.0%,64.7%,$26.2M,$7.1M,+$19.1M
62,Jalen Smith,Chicago Bulls,F-C,+1,+1,+1,+0,+2,26.6,98.3,24.1,3.3,47.1%,34.9%,76.0%,$27.4M,$8.9M,+$18.5M
63,Franz Wagner,Orlando Magic,F,+1,+2,-0,-0,+2,17.1,103.8,29.7,5.6,45.2%,32.6%,80.8%,$25.5M,$38.3M,-$12.8M
64,Paul Reed,Detroit Pistons,F,+1,-1,+2,+1,+2,5.8,98.5,24.7,3.7,59.3%,29.7%,68.7%,$12.5M,$5.3M,+$7.2M
65,Jaden McDaniels,Minnesota Timberwolves,F,+1,-0,+1,+0,+2,29.7,97.7,20.5,4.2,51.5%,37.7%,83.6%,$27.5M,$24.2M,+$3.3M
66,Julian Champagnie,San Antonio Spurs,F,+1,+1,+1,+0,+2,21.9,97.1,19.1,2.8,43.7%,39.5%,83.9%,$24.9M,$3.0M,+$22.0M
67,Alperen Sengun,Houston Rockets,C,+1,+1,+1,+0,+2,25.2,94.8,30.3,8.3,52.4%,27.1%,68.3%,$30.0M,$33.6M,-$3.6M
68,Collin Gillespie,Phoenix Suns,G,+1,+1,+1,+1,+1,28.7,93.4,22.7,7.9,44.0%,41.7%,85.8%,$29.0M,$2.3M,+$26.7M
69,Amen Thompson,Houston Rockets,G-F,+1,+1,+0,+1,+1,31.9,96.4,24.1,6.8,54.1%,27.2%,75.2%,$32.9M,$9.6M,+$23.3M
70,Sandro Mamukelashvili,Toronto Raptors,F-C,+1,+1,+1,+2,+1,18.4,94.3,22.1,3.7,51.2%,36.5%,76.5%,$21.7M,$2.4M,+$19.3M
71,Moussa Diabate,Charlotte Hornets,F,+1,-0,+1,+1,+2,30.5,95.5,14.0,3.6,62.7%,22.4%,65.4%,$24.1M,$2.2M,+$21.9M
72,LeBron James,Los Angeles Lakers,F-G,+1,+2,-0,+2,+1,30.8,98.9,30.5,11.2,52.4%,33.4%,74.4%,$28.8M,$52.1M,-$23.3M
73,Dereck Lively II,Dallas Mavericks,C,+1,-1,+2,+1,+1,16.7,98.1,18.4,5.1,60.3%,20.7%,62.6%,$14.7M,$5.2M,+$9.5M
74,Michael Porter Jr.,Brooklyn Nets,F,+1,+2,-1,+2,+1,34.6,94.8,35.0,4.9,46.3%,38.6%,85.4%,$27.8M,$38.0M,-$10.2M
75,Kenrich Williams,Oklahoma City Thunder,G-F,+1,-0,+1,+1,+1,5.7,98.4,19.3,3.8,47.5%,35.5%,66.6%,$15.3M,$7.1M,+$8.2M
76,Norman Powell,Miami Heat,G,+1,+2,-1,+2,+1,24.6,101.7,31.5,3.5,46.5%,37.5%,79.0%,$28.8M,$20.3M,+$8.5M
77,Josh Minott,Brooklyn Nets,F,+1,+0,+1,+2,-1,6.0,95.8,21.4,3.3,46.4%,36.8%,81.3%,$9.3M,$2.4M,+$6.9M
78,Grant Williams,Charlotte Hornets,F,+1,+0,+1,+0,+1,17.7,98.8,16.7,4.4,40.7%,38.8%,80.9%,$20.9M,$13.5M,+$7.4M
79,Aaron Wiggins,Oklahoma City Thunder,G-F,+1,+0,+1,-0,+2,19.7,99.7,21.4,3.8,46.7%,37.7%,78.3%,$19.7M,$10.0M,+$9.7M
80,Immanuel Quickley,Toronto Raptors,G,+1,+1,+0,+1,+1,32.0,92.0,26.3,8.3,45.8%,37.3%,84.9%,$27.0M,$32.2M,-$5.2M
81,Onyeka Okongwu,Atlanta Hawks,F-C,+1,+0,+1,+2,+1,32.8,100.5,23.6,4.8,50.9%,38.0%,77.8%,$26.5M,$14.9M,+$11.6M
82,Kristaps Porzingis,Golden State Warriors,F-C,+1,+0,+1,+2,+1,17.4,99.6,28.8,4.6,44.6%,36.0%,80.9%,$18.2M,$30.4M,-$12.2M
83,Payton Pritchard,Boston Celtics,G,+1,+2,-1,+2,+1,31.0,97.1,26.8,8.6,47.6%,38.0%,86.4%,$29.7M,$7.2M,+$22.5M
84,John Collins,Los Angeles Clippers,F-C,+1,+0,+1,+1,+1,34.0,100.7,28.1,2.9,53.2%,37.9%,79.8%,$29.5M,$26.3M,+$3.2M
85,Day'Ron Sharpe,Brooklyn Nets,F,+1,-0,+1,+1,+1,19.6,96.7,24.1,6.3,60.1%,29.9%,69.8%,$20.9M,$6.2M,+$14.8M
86,Ja Morant,Memphis Grizzlies,G,+1,+2,-1,-1,+2,29.3,101.6,33.0,11.9,42.4%,31.3%,80.7%,$24.8M,$39.1M,-$14.2M
87,Desmond Bane,Orlando Magic,G,+1,+1,-0,-0,+1,37.9,102.8,28.8,5.7,48.5%,38.3%,90.5%,$27.2M,$36.4M,-$9.1M
88,Tari Eason,Houston Rockets,F,+1,-1,+2,+1,+2,25.8,96.5,19.1,3.2,45.6%,36.2%,74.6%,$27.3M,$5.6M,+$21.7M
89,Jalen Johnson,Atlanta Hawks,F,+1,+1,-0,+0,+1,36.3,99.6,30.1,10.7,49.1%,34.6%,78.0%,$28.0M,$29.7M,-$1.7M
90,Isaiah Joe,Oklahoma City Thunder,G,+1,+1,-0,+1,+1,21.2,99.2,22.4,3.2,44.4%,40.5%,86.3%,$22.5M,$12.2M,+$10.2M
91,Trae Young,Washington Wizards,G,+1,+3,-2,+1,+1,21.8,96.7,29.7,14.2,39.8%,34.2%,86.3%,$18.1M,$45.5M,-$27.4M
92,Goga Bitadze,Orlando Magic,C,+1,-1,+2,+1,+0,5.2,101.4,17.2,3.6,65.8%,28.5%,65.1%,$8.7M,$8.3M,+$0.4M
93,Kyrie Irving,Dallas Mavericks,G,+1,+2,-1,+1,+1,20.7,97.0,33.4,6.4,46.0%,39.3%,88.2%,$18.2M,$36.2M,-$18.1M
94,Herbert Jones,New Orleans Pelicans,F,+1,-0,+1,-1,+2,31.4,96.7,15.8,4.8,43.7%,36.4%,83.0%,$22.2M,$13.8M,+$8.4M
95,Clint Capela,Houston Rockets,F-C,+1,-2,+3,-1,+1,15.9,98.6,15.5,2.4,56.9%,12.7%,59.2%,$10.3M,$6.6M,+$3.7M
96,Christian Braun,Denver Nuggets,G,+1,+1,+0,-1,+2,31.1,98.1,18.0,4.3,52.7%,34.5%,77.1%,$24.2M,$4.9M,+$19.3M
97,Dean Wade,Cleveland Cavaliers,F,+1,-0,+1,-0,+1,22.3,98.6,13.5,3.5,44.6%,37.2%,70.4%,$18.1M,$6.6M,+$11.5M
98,Jonathan Isaac,Orlando Magic,F,+1,-2,+3,-0,+1,5.2,102.0,12.8,2.6,44.6%,28.6%,60.3%,$12.0M,$14.9M,-$2.8M
99,Oso Ighodaro,Phoenix Suns,F,+1,-1,+2,+0,+2,22.9,92.0,15.2,4.9,65.5%,12.5%,55.6%,$21.3M,$1.9M,+$19.4M
100,Grayson Allen,Phoenix Suns,G,+1,+1,-1,+1,+1,32.3,94.9,28.9,6.6,41.6%,38.8%,86.0%,$26.4M,$16.7M,+$9.7M
101,Devin Vassell,San Antonio Spurs,G-F,+1,+1,+0,+1,+1,27.0,96.2,22.2,3.7,45.5%,38.9%,81.0%,$25.5M,$26.7M,-$1.2M
102,Ausar Thompson,Detroit Pistons,G-F,+1,-1,+2,+1,+1,30.3,99.7,20.2,6.3,54.4%,22.0%,59.7%,$24.3M,$8.7M,+$15.6M
103,Kris Dunn,Los Angeles Clippers,G,+1,-1,+1,-0,+1,27.6,98.0,14.9,8.0,48.5%,36.9%,78.9%,$18.4M,$5.4M,+$13.0M
104,Marcus Smart,Los Angeles Lakers,G,+1,-0,+1,-1,+1,29.7,96.3,16.4,5.6,43.1%,36.0%,78.8%,$23.5M,$26.5M,-$3.0M
105,Draymond Green,Golden State Warriors,F,+1,-2,+3,-0,+1,31.8,98.6,15.3,9.9,44.7%,34.1%,70.1%,$24.0M,$25.6M,-$1.6M
106,Julius Randle,Minnesota Timberwolves,F,+1,+2,-1,-0,+1,31.5,98.5,28.4,7.1,49.2%,33.2%,81.5%,$24.5M,$30.6M,-$6.1M
107,Jarred Vanderbilt,Los Angeles Lakers,F,+1,-1,+2,-0,+1,6.0,98.0,14.1,3.8,49.6%,30.4%,62.1%,$13.0M,$11.5M,+$1.6M
108,Kevin Porter Jr.,Milwaukee Bucks,G,+1,+0,+1,+2,+0,28.3,100.0,24.2,10.1,47.9%,36.0%,82.7%,$25.5M,$5.1M,+$20.4M
109,Wendell Carter Jr.,Orlando Magic,F,+1,-1,+2,+0,+1,29.0,102.6,18.5,3.5,50.7%,31.2%,74.9%,$18.5M,$10.7M,+$7.7M
110,Zion Williamson,New Orleans Pelicans,F,+1,+1,-1,+1,+1,31.3,98.3,32.4,5.5,59.7%,27.3%,69.3%,$22.8M,$39.1M,-$16.3M
111,Josh Giddey,Chicago Bulls,G,+1,+1,-1,+2,+0,34.6,97.2,25.0,11.6,44.3%,35.5%,76.4%,$22.8M,$24.8M,-$1.9M
112,Sam Hauser,Boston Celtics,F,+1,+1,-0,+1,+1,26.7,95.3,20.7,3.3,44.0%,40.2%,88.1%,$20.8M,$9.9M,+$10.8M
113,Stephon Castle,San Antonio Spurs,G,+1,+1,-0,+0,+1,28.1,96.2,26.6,11.0,47.3%,32.9%,74.5%,$19.6M,$9.5M,+$10.2M
114,Walker Kessler,Utah Jazz,C,+1,-0,+1,+3,-1,20.9,99.8,18.6,3.8,56.2%,29.4%,55.1%,$15.1M,$4.8M,+$10.3M
115,Sidy Cissoko,Portland Trail Blazers,G,+1,-1,+2,+1,-1,9.1,100.4,13.6,4.0,43.6%,30.9%,66.1%,$10.8M,$1.4M,+$9.4M
116,Gui Santos,Golden State Warriors,G,+1,-0,+1,+0,+1,30.8,98.1,21.2,5.3,49.3%,34.5%,72.5%,$27.5M,$2.2M,+$25.3M
117,Keon Ellis,Cleveland Cavaliers,G,+1,-1,+1,-0,+1,26.0,100.4,16.5,3.5,45.9%,39.1%,77.3%,$17.3M,$2.3M,+$15.0M
118,Miles McBride,New York Knicks,G,+1,+1,-0,-2,+2,30.3,100.0,24.5,5.4,43.3%,36.4%,79.3%,$19.7M,$4.3M,+$15.4M
119,Josh Green,Charlotte Hornets,G,+1,-0,+1,+1,+1,15.4,97.1,12.8,2.9,43.1%,39.3%,79.0%,$13.0M,$13.5M,-$0.5M
120,Moses Moody,Golden State Warriors,G,+1,+0,+0,+1,+0,35.0,100.9,24.6,3.6,43.8%,38.2%,78.7%,$24.5M,$11.5M,+$13.1M
121,Brandon Miller,Charlotte Hornets,F,+1,+1,-0,+1,+0,33.0,97.7,32.2,5.4,42.4%,38.1%,89.2%,$23.6M,$11.8M,+$11.7M
122,Dyson Daniels,Atlanta Hawks,G,+1,-0,+1,-1,+1,32.6,97.5,17.6,9.0,52.3%,27.4%,61.5%,$21.3M,$7.6M,+$13.7M
123,Naz Reid,Minnesota Timberwolves,C,+1,-0,+1,+0,+1,24.8,99.5,25.1,4.1,48.0%,37.1%,73.8%,$19.0M,$21.3M,-$2.3M
124,Matisse Thybulle,Portland Trail Blazers,G-F,+1,-1,+2,+2,-0,8.1,101.6,16.8,3.9,43.8%,36.2%,76.4%,$8.8M,$11.4M,-$2.6M
125,Duncan Robinson,Detroit Pistons,G-F,+1,+1,-0,+0,+1,25.0,98.9,22.0,3.6,45.1%,38.1%,80.4%,$18.0M,$26.5M,-$8.4M
126,Ajay Mitchell,Oklahoma City Thunder,G,+1,+1,-0,-0,+1,24.5,101.8,25.2,7.0,49.4%,35.3%,84.1%,$18.0M,$3.0M,+$15.1M
127,Luke Kornet,San Antonio Spurs,F-C,+0,-1,+2,-0,+1,14.2,96.3,14.3,3.6,66.5%,22.5%,79.2%,$13.4M,$10.9M,+$2.5M
128,Mikal Bridges,New York Knicks,F-G,+0,+0,+0,+2,+0,32.9,98.7,21.8,5.3,50.6%,36.9%,83.7%,$23.1M,$24.7M,-$1.5M
129,Mouhamed Gueye,Atlanta Hawks,C,+0,-1,+2,+0,+1,6.8,96.7,15.8,2.9,47.2%,31.0%,68.5%,$8.4M,$2.2M,+$6.2M
130,Cason Wallace,Oklahoma City Thunder,G,+0,-1,+1,-0,+1,29.8,99.7,18.1,5.4,46.4%,37.2%,80.0%,$21.0M,$5.8M,+$15.2M
131,Landry Shamet,New York Knicks,G,+0,+1,-0,+0,+0,26.1,99.8,20.9,3.4,46.3%,39.0%,75.3%,$19.2M,$2.3M,+$16.9M
132,Brandon Williams,Dallas Mavericks,G,+0,+1,-0,+0,+0,21.5,101.3,27.5,8.0,48.1%,31.5%,80.1%,$12.3M,$2.2M,+$10.0M
133,Cameron Johnson,Denver Nuggets,F,+0,+1,-0,-0,+1,28.1,98.9,18.1,4.1,48.2%,38.6%,85.4%,$16.7M,$20.8M,-$4.2M
134,Max Strus,Cleveland Cavaliers,G,+0,+0,+0,+0,+0,19.2,100.9,20.0,6.6,43.6%,36.1%,77.4%,$13.4M,$15.8M,-$2.4M
135,Josh Hart,New York Knicks,G,+0,-0,+1,+1,+0,33.9,100.7,19.8,7.4,51.5%,34.7%,74.6%,$21.0M,$19.3M,+$1.7M
136,Darius Garland,Los Angeles Clippers,G,+0,+2,-1,+1,+0,31.2,103.5,32.4,10.6,45.4%,37.3%,86.1%,$18.8M,$39.1M,-$20.2M
137,Javonte Green,Detroit Pistons,G-F,+0,-1,+1,+1,-0,18.2,99.8,19.5,1.9,45.1%,35.2%,79.8%,$11.4M,$2.3M,+$9.1M
138,Paolo Banchero,Orlando Magic,F,+0,+1,-0,-1,+1,38.6,101.2,29.6,6.7,46.8%,32.3%,74.0%,$22.3M,$15.2M,+$7.1M
139,Nickeil Alexander-Walker,Atlanta Hawks,G,+0,+1,-0,-0,+1,36.7,98.3,26.6,5.8,44.2%,38.5%,87.3%,$20.2M,$15.0M,+$5.2M
140,Jrue Holiday,Portland Trail Blazers,G,+0,+1,-1,+1,+0,34.0,100.5,28.2,9.7,47.3%,36.8%,83.9%,$19.8M,$32.1M,-$12.3M
141,CJ McCollum,Atlanta Hawks,G,+0,+1,-0,-0,+0,32.8,96.6,29.2,6.3,45.3%,37.3%,77.2%,$18.9M,$30.4M,-$11.5M
142,Brandon Ingram,Toronto Raptors,F,+0,+1,-0,+1,+0,33.7,91.9,29.6,5.7,47.6%,37.5%,83.0%,$24.7M,$37.7M,-$13.0M
143,Jabari Smith Jr.,Houston Rockets,F,+0,-0,+0,-0,+1,31.2,96.4,22.0,2.7,45.9%,33.9%,81.0%,$22.5M,$12.2M,+$10.3M
144,Ryan Rollins,Milwaukee Bucks,G,+0,+0,-0,+1,-0,25.5,99.2,24.0,8.3,46.2%,39.0%,80.0%,$19.5M,$4.0M,+$15.5M
145,Luka Garza,Boston Celtics,C,+0,+0,+0,+1,-0,11.5,97.7,23.4,3.0,51.4%,36.1%,76.8%,$12.2M,$2.4M,+$9.7M
146,Tobias Harris,Detroit Pistons,F,+0,+0,+0,-1,+1,23.7,98.8,23.2,3.1,48.3%,36.5%,87.1%,$19.1M,$26.4M,-$7.2M
147,Josh Okogie,Houston Rockets,G,+0,-1,+1,-1,+1,16.3,97.0,14.1,2.3,42.8%,34.0%,62.6%,$9.6M,$2.3M,+$7.3M
148,Ronald Holland II,Detroit Pistons,F,+0,-1,+1,+1,-1,21.6,98.7,22.3,3.0,45.6%,31.8%,80.6%,$15.2M,$8.6M,+$6.6M
149,Anthony Black,Orlando Magic,G,+0,-1,+1,+0,+0,29.1,102.1,22.5,5.2,43.6%,32.2%,71.8%,$20.4M,$7.9M,+$12.5M
150,Myles Turner,Milwaukee Bucks,C-F,+0,-1,+1,+2,+0,18.0,99.6,21.8,2.7,47.1%,37.6%,77.2%,$16.9M,$25.1M,-$8.2M
151,Sam Merrill,Cleveland Cavaliers,G,+0,+1,-0,+1,-0,25.8,98.9,21.6,4.8,45.2%,40.0%,85.5%,$15.9M,$8.4M,+$7.5M
152,Jordan Walsh,Boston Celtics,G,+0,-1,+1,+1,-0,7.3,97.1,17.0,2.5,49.4%,34.4%,75.2%,$9.9M,$2.2M,+$7.7M
153,Jordan Goodwin,Phoenix Suns,G,+0,-0,+1,+0,+1,29.1,94.6,21.7,5.1,42.7%,35.0%,75.6%,$14.2M,$2.3M,+$11.9M
154,Jaxson Hayes,Los Angeles Lakers,C,+0,-1,+1,+0,+0,17.4,98.1,19.4,3.2,67.2%,26.8%,65.4%,$15.6M,$3.4M,+$12.1M
155,Shaedon Sharpe,Portland Trail Blazers,G,+0,+1,-1,+0,+0,29.3,102.9,34.0,5.2,46.5%,32.6%,76.0%,$17.5M,$8.3M,+$9.2M
156,Jaylin Williams,Oklahoma City Thunder,F,+0,-1,+1,+0,+0,20.8,100.5,18.8,5.7,43.3%,37.8%,79.5%,$15.0M,$8.4M,+$6.6M
157,Nah'Shon Hyland,Minnesota Timberwolves,G,+0,+0,-0,+1,-0,16.3,98.7,22.7,7.9,43.5%,36.7%,78.8%,$10.6M,$2.3M,+$8.4M
158,Dalen Terry,Philadelphia 76ers,F,+0,-1,+1,+0,-0,10.4,97.5,17.3,5.6,47.6%,34.1%,66.7%,$10.6M,$5.3M,+$5.2M
159,Harrison Barnes,San Antonio Spurs,F,+0,+1,-0,-0,+0,24.5,96.0,18.5,3.6,46.2%,38.1%,82.3%,$14.6M,$18.8M,-$4.2M
160,Damian Lillard,Portland Trail Blazers,G,+0,+1,-1,+0,+0,25.0,99.4,27.4,9.1,43.6%,36.5%,90.6%,$11.3M,$67.6M,-$56.2M
161,Trey Murphy III,New Orleans Pelicans,F,+0,+1,-1,+1,-0,37.8,98.1,30.3,5.4,46.0%,36.5%,87.7%,$18.9M,$24.8M,-$5.8M
162,Miles Bridges,Charlotte Hornets,F,+0,+1,-1,-1,+0,32.1,96.8,25.9,4.8,43.4%,34.2%,84.5%,$17.9M,$24.8M,-$6.8M
163,Luguentz Dort,Oklahoma City Thunder,G,+0,-1,+1,-3,+1,32.1,99.4,15.3,2.6,40.9%,36.9%,75.8%,$19.6M,$18.0M,+$1.5M
164,Toumani Camara,Portland Trail Blazers,F,+0,-0,+0,-1,+1,36.6,100.6,19.9,4.0,45.7%,36.6%,71.0%,$20.8M,$2.2M,+$18.6M
165,Scotty Pippen Jr.,Memphis Grizzlies,G,+0,-0,+1,+1,-1,31.0,98.9,26.1,9.4,43.5%,34.6%,78.4%,$19.1M,$2.2M,+$16.9M
166,Aaron Nesmith,Indiana Pacers,G-F,+0,-0,+0,-2,+1,28.1,99.1,20.1,3.2,43.9%,39.4%,84.6%,$17.7M,$10.9M,+$6.8M
167,Davion Mitchell,Miami Heat,G,+0,-1,+1,-1,+1,26.6,101.0,15.4,9.4,48.6%,36.0%,70.6%,$16.4M,$11.5M,+$4.9M
168,Zach Edey,Memphis Grizzlies,C,+0,-1,+1,-1,+1,23.2,98.0,22.7,2.5,57.9%,29.6%,70.7%,$13.7M,$6.0M,+$7.7M
169,Deandre Ayton,Los Angeles Lakers,F-C,+0,-1,+1,+1,+0,25.2,98.6,22.3,2.2,65.0%,28.9%,66.8%,$13.9M,$43.2M,-$29.4M
170,RJ Barrett,Toronto Raptors,F-G,+0,+1,-1,-1,+0,31.2,92.6,29.9,4.9,49.3%,35.9%,69.4%,$19.5M,$27.4M,-$7.9M
171,Hugo González,Boston Celtics,G,+0,-1,+1,-0,+1,19.1,97.8,17.6,2.6,48.6%,33.2%,65.8%,$11.8M,$2.8M,+$9.1M
172,Ryan Kalkbrenner,Charlotte Hornets,C,+0,-1,+1,+1,-1,16.6,99.7,17.4,2.3,63.3%,21.8%,67.2%,$12.2M,$1.4M,+$10.9M
173,Dejounte Murray,New Orleans Pelicans,G,+0,+0,-0,+2,-1,29.9,96.1,29.8,9.2,45.1%,35.4%,82.4%,$12.6M,$30.5M,-$17.9M
174,Jabari Walker,Philadelphia 76ers,F,+0,-0,+0,-1,+1,13.0,95.6,21.3,2.6,49.5%,35.7%,76.3%,$10.5M,$1.4M,+$9.1M
175,Jose Alvarado,New York Knicks,G,-0,-1,+1,-1,+1,15.1,98.4,19.0,8.9,43.5%,34.2%,79.1%,$8.8M,$4.5M,+$4.4M
176,Brandin Podziemski,Golden State Warriors,G,-0,-0,+0,-0,+0,26.4,97.9,22.9,6.9,45.3%,35.9%,75.5%,$17.9M,$3.7M,+$14.3M
177,Santi Aldama,Memphis Grizzlies,F-C,-0,+0,-0,+1,-1,28.0,101.1,23.6,4.7,43.8%,33.4%,66.3%,$14.2M,$18.3M,-$4.1M
178,Collin Sexton,Chicago Bulls,G,-0,+1,-1,-0,-0,26.4,100.7,29.0,5.7,45.9%,37.9%,85.4%,$17.0M,$18.8M,-$1.8M
179,LJ Cryer,Golden State Warriors,G,-0,+0,-0,-0,-2,12.2,96.7,24.4,6.1,40.3%,37.1%,81.9%,$5.6M,$1.4M,+$4.2M
180,John Konchar,Utah Jazz,G-F,-0,-2,+2,+0,-0,35.1,102.0,11.1,4.1,42.4%,31.1%,72.3%,$17.5M,$6.1M,+$11.4M
181,Kevin Huerter,Detroit Pistons,G,-0,-0,+0,+1,-0,17.2,97.0,20.4,5.4,43.5%,36.5%,75.0%,$8.7M,$17.8M,-$9.1M
182,Kyle Filipowski,Utah Jazz,C,-0,-0,+0,+2,-2,28.0,100.1,24.1,5.5,49.8%,32.5%,75.1%,$15.4M,$3.0M,+$12.4M
183,Haywood Highsmith,Phoenix Suns,F,-0,-1,+1,+1,-1,9.9,95.5,15.0,3.6,44.2%,35.5%,69.7%,$5.1M,$5.6M,-$0.5M
184,Reed Sheppard,Houston Rockets,G,-0,-0,+0,+0,-1,23.2,98.4,26.1,5.9,42.0%,35.6%,83.2%,$20.3M,$10.5M,+$9.8M
185,Jaylon Tyson,Cleveland Cavaliers,G-F,-0,+0,-0,-0,-0,20.9,101.3,23.4,4.4,47.5%,41.0%,79.1%,$13.5M,$3.5M,+$10.0M
186,Keldon Johnson,San Antonio Spurs,F,-0,+0,-1,-0,-0,19.2,97.1,25.3,2.7,49.0%,36.8%,78.6%,$13.5M,$17.3M,-$3.9M
187,Gary Payton II,Golden State Warriors,G,-0,-1,+0,+0,-1,15.5,100.5,22.6,4.7,52.3%,33.4%,69.6%,$11.8M,$2.3M,+$9.5M
188,Justin Champagnie,Washington Wizards,G-F,-0,+0,-0,+1,-2,14.9,96.4,21.7,2.9,48.9%,33.7%,77.0%,$9.2M,$2.3M,+$6.8M
189,Simone Fontecchio,Miami Heat,—,-0,-0,-0,+0,-1,11.5,101.1,21.5,3.4,41.6%,36.7%,82.9%,$12.3M,$8.2M,+$4.0M
190,Kris Murray,Portland Trail Blazers,F,-0,-2,+1,+0,-0,13.6,99.1,14.8,3.1,45.7%,30.1%,63.7%,$11.5M,$3.1M,+$8.4M
191,Julian Phillips,Minnesota Timberwolves,F,-0,-0,+0,-0,+0,2.9,97.9,18.1,2.3,45.9%,34.5%,78.9%,$3.4M,$2.2M,+$1.2M
192,Devin Carter,Sacramento Kings,G,-0,-0,+0,-0,+0,10.8,97.3,21.7,6.8,41.5%,29.5%,75.5%,$8.8M,$4.9M,+$4.0M
193,Dylan Harper,San Antonio Spurs,G,-0,+0,-0,-1,+1,17.1,96.7,24.1,8.0,50.3%,33.1%,77.6%,$12.2M,$12.2M,-$0.1M
194,Zach Collins,Chicago Bulls,C-F,-0,-1,+1,+0,-0,19.5,97.4,23.4,5.1,49.3%,33.1%,76.9%,$10.1M,$17.9M,-$7.8M
195,Ryan Dunn,Phoenix Suns,F,-0,-1,+1,-0,-0,17.7,92.3,15.5,3.2,44.5%,33.7%,57.2%,$8.0M,$2.6M,+$5.4M
196,Oscar Tshiebwe,Utah Jazz,F-C,-0,-0,+0,-0,+0,13.6,98.9,17.9,2.9,63.0%,18.0%,73.2%,$4.0M,$1.4M,+$2.7M
197,Keegan Murray,Sacramento Kings,F,-0,-0,+0,-2,+0,21.9,95.9,19.1,2.8,41.0%,34.7%,78.5%,$15.9M,$11.0M,+$4.8M
198,Coby White,Charlotte Hornets,G,-0,+1,-1,-0,-0,20.6,100.0,28.1,6.7,41.8%,35.5%,83.3%,$14.5M,$12.8M,+$1.7M
199,Jake LaRavia,Los Angeles Lakers,F,-0,-0,+0,+0,-1,13.5,98.7,18.1,3.9,47.3%,35.3%,76.5%,$11.5M,$5.9M,+$5.6M
200,Dillon Brooks,Phoenix Suns,F,-0,+1,-1,-1,-0,25.6,97.3,33.1,3.6,44.2%,36.1%,82.0%,$15.2M,$20.9M,-$5.7M
201,Jay Huff,Indiana Pacers,C,-0,-1,+1,+1,-2,17.1,99.3,22.7,2.8,47.3%,32.0%,81.6%,$10.5M,$2.3M,+$8.2M
202,Tristan Vukcevic,Washington Wizards,F,-0,-0,-0,+1,-3,12.8,96.9,27.4,4.4,42.6%,33.2%,77.7%,$10.0M,$1.4M,+$8.6M
203,Kevon Looney,New Orleans Pelicans,F-C,-0,-1,+1,+1,-1,3.3,94.3,12.9,4.2,52.4%,22.7%,55.7%,$2.4M,$7.9M,-$5.6M
204,Daniel Gafford,Dallas Mavericks,F,-0,-1,+1,+0,-1,26.7,99.4,23.2,3.0,63.5%,15.0%,71.5%,$12.8M,$14.2M,-$1.5M
205,Andrew Wiggins,Miami Heat,F-G,-0,-1,+0,+1,-0,26.0,100.8,23.3,3.8,46.0%,36.4%,75.6%,$15.9M,$27.9M,-$12.1M
206,Moritz Wagner,Orlando Magic,F,-0,-0,-0,+0,-1,13.0,102.5,26.6,3.3,49.5%,34.0%,77.0%,$6.8M,$5.0M,+$1.8M
207,Kelly Oubre Jr.,Philadelphia 76ers,F,-0,-0,-0,+1,-0,32.9,94.3,23.1,3.4,47.5%,35.8%,77.0%,$17.1M,$8.3M,+$8.8M
208,Jalen Green,Phoenix Suns,G,-0,+0,-1,-0,-0,31.8,92.7,32.0,5.0,44.1%,34.9%,82.2%,$12.6M,$33.3M,-$20.7M
209,Dylan Cardwell,Sacramento Kings,C,-0,-2,+2,-0,-1,9.5,95.3,13.1,2.9,53.6%,20.2%,56.7%,$10.5M,$1.4M,+$9.1M
210,Tristan da Silva,Orlando Magic,F,-0,-1,+0,-1,-0,29.8,102.6,19.8,3.5,44.4%,37.6%,85.0%,$12.1M,$3.8M,+$8.3M
211,Matas Buzelis,Chicago Bulls,F,-0,+0,-1,+1,-2,27.7,99.7,27.1,3.8,44.1%,35.0%,79.4%,$16.3M,$5.4M,+$10.9M
212,Luke Kennard,Los Angeles Lakers,G,-0,+0,-1,+1,-1,14.4,99.4,20.3,4.4,49.6%,42.7%,88.5%,$12.2M,$10.9M,+$1.3M
213,Collin Murray-Boyles,Toronto Raptors,F,-0,-1,+1,-0,-1,18.6,92.1,16.6,4.1,56.8%,31.3%,67.0%,$13.9M,$6.3M,+$7.6M
214,Saddiq Bey,New Orleans Pelicans,F,-0,+1,-1,+1,-1,30.5,97.2,28.3,4.3,46.2%,37.5%,84.8%,$15.8M,$6.1M,+$9.7M
215,Johnny Furphy,Indiana Pacers,G,-0,-1,+1,-0,+0,19.7,97.8,15.6,3.5,42.8%,29.4%,59.1%,$8.6M,$1.9M,+$6.7M
216,Mason Plumlee,San Antonio Spurs,C-F,-0,-2,+2,+0,-1,2.7,94.7,14.6,4.9,54.4%,21.2%,59.9%,$4.8M,$2.3M,+$2.5M
217,Baylor Scheierman,Boston Celtics,G,-0,-1,+0,-0,-0,23.8,97.3,18.1,4.4,45.2%,37.8%,83.6%,$12.1M,$2.6M,+$9.5M
218,Isaiah Jackson,Los Angeles Clippers,F,-0,-1,+1,-0,-1,22.5,101.5,20.0,3.3,62.9%,16.9%,66.3%,$5.6M,$7.5M,-$1.9M
219,Pelle Larsson,Miami Heat,G,-0,-0,-0,-0,-1,27.7,100.9,19.7,5.3,50.0%,32.1%,78.5%,$14.2M,$1.9M,+$12.3M
220,Jamal Shead,Toronto Raptors,G,-0,-1,+0,-1,-0,18.8,94.1,16.1,9.7,41.8%,33.6%,77.3%,$9.8M,$1.9M,+$7.9M
221,A.J. Green,Milwaukee Bucks,G,-0,-0,-0,-1,+0,12.8,99.1,15.5,2.9,42.9%,40.1%,81.2%,$11.7M,$2.3M,+$9.4M
222,Ziaire Williams,Brooklyn Nets,F,-0,-1,+1,+2,-2,19.1,98.5,20.4,3.2,44.1%,35.2%,85.3%,$13.3M,$6.2M,+$7.2M
223,Karlo Matkovic,New Orleans Pelicans,F-C,-0,-1,+1,-0,-1,15.1,96.2,18.6,3.1,54.9%,35.7%,77.8%,$7.5M,$1.9M,+$5.5M
224,Yuki Kawamura,Chicago Bulls,G,-0,-1,+0,-0,-1,3.9,98.2,15.3,10.5,37.8%,34.5%,82.9%,$5.5M,$1.4M,+$4.2M
225,Leonard Miller,Chicago Bulls,F,-0,-1,+0,-0,-0,19.7,100.3,20.3,2.4,54.6%,33.3%,82.0%,$11.7M,$2.2M,+$9.5M
226,Yves Missi,New Orleans Pelicans,C,-0,-1,+1,-0,-1,21.0,95.4,16.0,3.0,57.9%,14.2%,60.1%,$5.7M,$3.3M,+$2.4M
227,Dorian Finney-Smith,Houston Rockets,F,-0,-2,+1,-2,-0,17.8,99.2,10.9,2.6,40.4%,34.8%,71.8%,$8.9M,$12.6M,-$3.6M
228,Marcus Sasser,Detroit Pistons,G,-1,-0,-0,-1,+1,13.9,100.7,20.4,7.6,44.5%,36.6%,83.2%,$7.6M,$2.9M,+$4.7M
229,Andrew Nembhard,Indiana Pacers,G-F,-1,+0,-1,-0,-1,25.6,99.8,25.0,10.4,44.9%,33.3%,81.5%,$13.0M,$17.9M,-$4.9M
230,Jerami Grant,Portland Trail Blazers,F,-1,-0,-1,-0,-1,33.3,101.4,28.9,4.0,46.0%,37.7%,83.3%,$11.0M,$31.7M,-$20.7M
231,Quenton Jackson,Indiana Pacers,G,-1,-0,-0,-1,-1,17.0,101.5,20.1,5.9,44.4%,34.8%,80.0%,$12.6M,$1.4M,+$11.2M
232,Jamaree Bouyea,Phoenix Suns,G,-1,-1,+0,-1,-1,2.8,93.0,20.4,6.4,44.2%,32.2%,73.4%,$3.7M,$1.4M,+$2.4M
233,Antonio Reeves,Charlotte Hornets,G,-1,-0,-0,-1,+0,2.6,100.3,21.6,2.9,42.1%,36.0%,74.7%,$6.3M,$1.4M,+$4.9M
234,Cooper Flagg,Dallas Mavericks,F,-1,-0,-0,-0,-2,33.3,98.5,29.5,7.0,46.6%,31.4%,79.6%,$15.2M,$13.7M,+$1.6M
235,Domantas Sabonis,Sacramento Kings,F,-1,-0,-0,+0,-1,15.8,96.5,24.8,7.6,55.1%,32.3%,71.3%,$9.2M,$41.9M,-$32.8M
236,MarJon Beauchamp,Philadelphia 76ers,F,-1,-0,-0,-0,-1,7.5,98.7,24.3,4.0,45.9%,36.3%,76.0%,$3.0M,$1.4M,+$1.7M
237,Jusuf Nurkic,Utah Jazz,C,-1,-2,+1,+2,-1,16.2,104.4,21.9,9.0,49.9%,31.3%,57.5%,$7.0M,$19.2M,-$12.2M
238,Bogdan Bogdanovic,Los Angeles Clippers,G,-1,-1,+0,-2,-0,13.5,99.6,22.1,6.8,40.7%,35.3%,81.6%,$3.5M,$15.9M,-$12.3M
239,Tre Jones,Chicago Bulls,G,-1,+0,-1,-0,-1,24.6,100.1,22.1,8.9,51.7%,33.0%,82.6%,$14.6M,$7.9M,+$6.7M
240,Kel'el Ware,Miami Heat,C,-1,-0,-0,-0,-1,20.7,101.5,22.3,1.4,52.9%,34.2%,75.0%,$10.3M,$4.4M,+$5.9M
241,Cam Spencer,Memphis Grizzlies,G,-1,+0,-1,-1,-1,22.0,99.2,19.5,9.7,43.5%,39.8%,92.0%,$11.1M,$2.5M,+$8.6M
242,Jevon Carter,Orlando Magic,G,-1,-1,-0,-2,+0,17.1,101.1,16.5,5.2,39.4%,36.4%,79.3%,$10.0M,$6.7M,+$3.2M
243,Peyton Watson,Denver Nuggets,G,-1,-0,-0,-0,-1,17.7,95.6,24.0,3.7,47.2%,36.3%,66.7%,$10.3M,$4.3M,+$6.0M
244,Wendell Moore Jr.,Detroit Pistons,G,-1,-1,+0,-1,-0,3.9,98.7,16.5,3.7,47.2%,31.8%,78.1%,$4.6M,$1.4M,+$3.3M
245,Jordan Miller,Los Angeles Clippers,G,-1,-0,-0,-0,-2,32.7,100.3,21.2,5.6,51.8%,33.6%,81.0%,$10.1M,$1.4M,+$8.8M
246,Thomas Bryant,Cleveland Cavaliers,C,-1,-1,-0,+1,-2,15.6,101.3,24.7,3.2,47.2%,34.9%,85.0%,$3.5M,$2.3M,+$1.2M
247,Ron Harper Jr.,Boston Celtics,F,-1,-1,-0,-1,-1,6.6,98.3,19.6,3.3,43.4%,34.6%,77.2%,$4.5M,$1.4M,+$3.1M
248,Obi Toppin,Indiana Pacers,F,-1,+0,-1,+0,-1,11.6,99.3,23.6,3.9,48.5%,35.9%,77.8%,$6.5M,$13.9M,-$7.4M
249,Marvin Bagley III,Dallas Mavericks,F,-1,-1,-0,-1,-1,18.1,99.1,22.6,3.4,58.4%,33.5%,69.4%,$9.3M,$2.3M,+$7.0M
250,Adem Bona,Philadelphia 76ers,F,-1,-2,+1,-1,-1,18.2,94.4,14.8,2.1,66.5%,23.9%,68.5%,$11.3M,$1.9M,+$9.3M
251,Olivier-Maxence Prosper,Memphis Grizzlies,F,-1,-0,-1,-0,-2,23.1,97.1,20.3,2.5,44.8%,32.3%,73.6%,$12.8M,$1.4M,+$11.4M
252,DaRon Holmes II,Denver Nuggets,F,-1,-0,-0,-1,-1,2.4,97.0,21.6,3.5,46.0%,33.8%,73.6%,$5.2M,$3.2M,+$2.0M
253,Cedric Coward,Memphis Grizzlies,G,-1,-0,-1,-1,+0,27.7,100.9,22.3,4.3,42.7%,34.7%,82.9%,$8.6M,$5.7M,+$2.9M
254,Thanasis Antetokounmpo,Milwaukee Bucks,F,-1,-2,+2,+0,-3,0.3,100.7,12.4,3.4,46.7%,17.8%,56.3%,$2.7M,$2.3M,+$0.4M
255,Asa Newell,Atlanta Hawks,F,-1,-1,+0,-1,-2,4.7,98.6,20.1,2.6,49.4%,32.5%,62.3%,$5.6M,$3.2M,+$2.4M
256,Kentavious Caldwell-Pope,Memphis Grizzlies,G,-1,-1,-0,-2,-1,24.1,98.0,20.6,5.0,39.7%,35.4%,85.0%,$8.7M,$21.4M,-$12.7M
257,T.J. McConnell,Indiana Pacers,G,-1,-0,-0,+1,-1,27.4,100.0,26.3,12.7,51.0%,28.9%,80.6%,$7.9M,$10.1M,-$2.2M
258,Vit Krejci,Portland Trail Blazers,G,-1,-1,-0,-1,-1,17.6,103.4,17.6,4.0,46.0%,38.4%,75.9%,$7.5M,$2.3M,+$5.2M
259,Tim Hardaway Jr.,Denver Nuggets,G,-1,+1,-2,-0,-1,24.2,98.7,23.0,2.7,44.0%,37.2%,81.8%,$9.9M,$2.3M,+$7.7M
260,Jaylen Clark,Minnesota Timberwolves,G,-1,-2,+1,-1,+0,3.5,98.5,16.3,2.8,45.0%,34.2%,68.5%,$2.1M,$2.2M,-$0.1M
261,Danny Wolf,Brooklyn Nets,F,-1,-1,+0,-0,-2,21.4,96.0,22.6,6.0,45.0%,33.2%,77.9%,$8.1M,$2.8M,+$5.3M
262,Jonathan Kuminga,Atlanta Hawks,F,-1,-1,-0,-1,-1,18.6,98.1,25.9,5.2,50.2%,34.0%,72.0%,$14.9M,$22.3M,-$7.4M
263,Yanic Konan Niederhäuser,Los Angeles Clippers,C,-1,-2,+1,-1,-2,20.7,101.5,21.5,2.3,57.6%,27.1%,75.7%,$7.0M,$2.7M,+$4.3M
264,Dru Smith,Miami Heat,G,-1,-2,+1,-1,-2,14.5,102.6,15.3,6.7,44.9%,32.9%,81.0%,$8.9M,$2.4M,+$6.5M
265,Micah Potter,Indiana Pacers,F,-1,-0,-1,-1,-1,14.6,99.7,21.2,3.1,45.5%,38.2%,85.8%,$8.7M,$2.3M,+$6.4M
266,Jaime Jaquez Jr.,Miami Heat,G,-1,-1,-0,-1,-0,24.1,103.0,22.8,7.5,48.4%,31.0%,77.7%,$12.5M,$3.8M,+$8.7M
267,Moussa Cisse,Dallas Mavericks,C,-1,-2,+1,-1,-1,12.1,99.5,14.5,1.7,56.8%,23.8%,51.2%,$7.2M,$1.4M,+$5.8M
268,Scoot Henderson,Portland Trail Blazers,G,-1,+0,-1,-2,-0,21.9,102.7,26.5,8.7,42.9%,34.5%,79.9%,$5.4M,$10.6M,-$5.3M
269,Jared McCain,Oklahoma City Thunder,G,-1,-0,-1,-1,-0,13.4,100.5,24.2,3.8,42.4%,38.1%,86.8%,$5.3M,$4.2M,+$1.1M
270,Svi Mykhailiuk,Utah Jazz,F,-1,+0,-1,-1,-1,10.0,102.9,20.3,3.9,42.9%,36.9%,82.8%,$4.3M,$3.6M,+$0.7M
271,Quinten Post,Golden State Warriors,C,-1,-1,+0,-1,-0,26.3,100.3,24.2,4.2,43.9%,35.8%,77.7%,$6.8M,$1.9M,+$4.9M
272,Will Richard,Golden State Warriors,G,-1,-1,-0,-1,-1,20.2,102.3,16.8,3.9,46.3%,36.2%,80.4%,$9.5M,$1.4M,+$8.2M
273,Pete Nance,Milwaukee Bucks,F,-1,-1,-0,-1,+0,7.8,98.2,17.4,2.7,50.6%,34.3%,72.9%,$7.2M,$1.4M,+$5.8M
274,Rui Hachimura,Los Angeles Lakers,F,-1,-0,-0,-2,-1,23.1,100.1,20.1,2.2,50.7%,42.2%,78.0%,$8.5M,$18.1M,-$9.6M
275,Kasparas Jakučionis,Miami Heat,G,-1,-1,+0,-1,-1,20.8,104.0,16.4,5.6,43.9%,37.5%,81.6%,$11.2M,$3.6M,+$7.6M
276,Pat Spencer,Golden State Warriors,G,-1,-1,-0,-1,-1,18.2,98.7,19.5,9.3,43.2%,34.6%,77.3%,$7.3M,$1.4M,+$6.0M
277,Brook Lopez,Los Angeles Clippers,C,-1,-2,+1,-0,-1,30.2,94.5,21.9,3.4,48.3%,36.1%,84.6%,$8.6M,$8.7M,-$0.1M
278,Craig Porter,Cleveland Cavaliers,G,-1,-2,+1,-1,-1,13.1,101.5,13.3,9.4,46.6%,33.5%,63.9%,$5.6M,$2.2M,+$3.4M
279,Nikola Jovic,Miami Heat,F,-1,-1,+0,-1,-1,7.8,101.6,20.6,4.9,41.1%,32.4%,68.2%,$5.8M,$4.4M,+$1.4M
280,Buddy Hield,Atlanta Hawks,G,-1,-1,-0,+0,-1,4.7,95.1,24.4,4.6,39.1%,37.8%,77.7%,$1.9M,$9.1M,-$7.2M
281,Chris Mañon,Los Angeles Lakers,G,-1,-2,+1,-1,-2,0.0,98.2,17.4,4.2,42.2%,30.7%,72.4%,$3.8M,$1.4M,+$2.5M
282,Spencer Jones,Denver Nuggets,F,-1,-1,+0,-0,-2,17.7,96.7,13.4,2.5,47.6%,33.2%,67.2%,$3.5M,$1.4M,+$2.1M
283,Derik Queen,New Orleans Pelicans,C,-1,-1,-0,-0,-3,20.3,97.6,21.4,7.1,50.1%,32.1%,77.5%,$6.8M,$5.1M,+$1.6M
284,Quentin Grimes,Philadelphia 76ers,G,-1,-0,-1,-0,-2,21.6,95.2,22.4,5.4,48.7%,36.8%,79.5%,$10.9M,$8.7M,+$2.2M
285,Cameron Payne,Philadelphia 76ers,G,-1,-1,-0,-1,-1,12.4,96.2,22.3,8.4,42.4%,36.4%,86.3%,$5.5M,$1.4M,+$4.1M
286,Ja'Kobe Walter,Toronto Raptors,G,-1,-1,+0,-1,-2,14.2,93.4,17.5,3.0,43.4%,35.8%,81.8%,$7.1M,$3.6M,+$3.5M
287,Precious Achiuwa,Sacramento Kings,F,-1,-1,+0,-1,-1,27.2,94.7,19.2,3.0,51.8%,28.5%,61.6%,$9.5M,$2.3M,+$7.2M
288,Malik Monk,Sacramento Kings,G,-1,+0,-1,-2,-1,22.3,97.8,26.7,6.5,41.5%,36.0%,87.6%,$8.5M,$18.6M,-$10.1M
289,Dominick Barlow,Philadelphia 76ers,F,-1,-1,+0,-1,-1,24.0,93.9,17.8,2.4,57.7%,30.9%,72.4%,$7.9M,$1.4M,+$6.5M
290,Bobby Portis,Milwaukee Bucks,F,-1,-0,-1,-0,-1,22.1,98.0,27.4,3.1,48.5%,39.7%,79.0%,$5.9M,$13.3M,-$7.5M
291,Maxime Raynaud,Sacramento Kings,C,-1,-1,+0,-0,-3,28.2,97.3,19.9,2.8,55.0%,27.3%,80.2%,$4.6M,$1.4M,+$3.2M
292,Xavier Tillman,Charlotte Hornets,F,-1,-2,+1,-0,-1,0.0,100.1,11.9,3.3,42.0%,28.4%,61.7%,$1.1M,$2.5M,-$1.4M
293,Joan Beringer,Minnesota Timberwolves,F,-1,-1,+0,-1,-1,14.6,99.7,20.1,2.6,57.9%,23.6%,65.9%,$2.7M,$4.2M,-$1.5M
294,Royce O'Neale,Phoenix Suns,F,-1,-1,+0,-0,-1,24.8,94.9,17.3,4.3,42.5%,39.0%,72.7%,$6.8M,$10.0M,-$3.2M
295,Jock Landale,Atlanta Hawks,C,-1,-0,-1,-1,-2,15.4,95.1,23.2,3.7,50.8%,34.3%,63.7%,$5.7M,$10.2M,-$4.5M
296,Maxi Kleber,Los Angeles Lakers,F,-1,-3,+1,-2,-1,2.4,98.3,9.9,3.0,44.0%,30.7%,67.9%,$4.1M,$10.9M,-$6.7M
297,De'Andre Hunter,Sacramento Kings,F,-1,-0,-1,-2,-1,12.6,97.8,23.2,3.3,41.2%,35.9%,82.0%,$6.0M,$23.1M,-$17.0M
298,Egor Dëmin,Brooklyn Nets,G,-1,-1,-0,-1,-2,21.8,96.6,19.9,6.0,42.5%,36.9%,79.9%,$7.3M,$6.8M,+$0.5M
299,Jae'Sean Tate,Houston Rockets,F,-1,-2,+1,-0,-2,14.2,97.9,17.2,3.3,46.5%,29.7%,67.1%,$4.1M,$2.3M,+$1.8M
300,Rocco Zikarsky,Minnesota Timberwolves,C,-1,-1,+0,-1,-2,2.1,96.6,17.2,2.2,53.1%,24.2%,58.4%,$0.9M,$1.4M,-$0.5M
301,Khris Middleton,Dallas Mavericks,F-G,-1,-0,-1,-2,-1,22.4,99.1,25.5,5.6,44.8%,38.8%,86.1%,$5.2M,$33.0M,-$27.8M
302,Gary Harris,Milwaukee Bucks,G,-1,-2,+1,-1,-1,3.4,98.5,7.7,3.4,38.7%,35.8%,74.1%,$2.7M,$3.6M,-$0.9M
303,Nikola Vucevic,Boston Celtics,C,-1,-1,-0,+2,-2,16.0,99.8,26.5,5.3,49.9%,35.9%,80.0%,$5.3M,$21.3M,-$16.0M
304,Alijah Martin,Toronto Raptors,G,-1,-1,-0,-1,-2,0.0,94.2,21.0,5.3,40.4%,33.7%,75.5%,$0.8M,$1.4M,-$0.6M
305,Keshad Johnson,Miami Heat,F,-1,-1,+0,-1,-1,5.6,101.9,19.3,1.7,46.9%,31.7%,67.6%,$2.9M,$1.9M,+$1.0M
306,David Jones,San Antonio Spurs,F,-1,-1,-0,-1,-1,0.0,95.2,18.1,6.6,45.1%,28.6%,68.1%,$2.8M,$1.4M,+$1.5M
307,Myron Gardner,Miami Heat,F,-1,-1,+0,-1,-1,1.0,101.8,16.0,4.0,47.2%,35.3%,74.8%,$6.4M,$1.4M,+$5.0M
308,Keshon Gilbert,Atlanta Hawks,G,-1,-2,+1,-1,-3,0.7,95.0,15.7,5.1,41.3%,31.0%,74.2%,$3.4M,$1.4M,+$2.1M
309,VJ Edgecombe,Philadelphia 76ers,G,-1,-1,-0,-1,-1,29.5,96.6,24.4,5.1,46.7%,35.8%,82.0%,$10.3M,$11.0M,-$0.7M
310,Jamir Watkins,Washington Wizards,F,-1,-1,-0,-1,-2,13.8,94.4,16.8,3.0,41.5%,33.7%,70.5%,$4.2M,$1.4M,+$2.9M
311,Pacôme Dadiet,New York Knicks,F,-1,-1,-1,-1,-2,1.6,103.3,21.0,3.7,43.3%,32.9%,75.4%,$0.8M,$2.8M,-$2.0M
312,Ayo Dosunmu,Minnesota Timberwolves,G,-1,-0,-1,+0,-2,23.7,99.1,21.7,5.7,51.6%,38.6%,83.5%,$7.0M,$7.4M,-$0.5M
313,Naji Marshall,Dallas Mavericks,F,-1,-0,-1,-1,-2,21.5,101.7,23.7,5.0,50.5%,31.4%,77.0%,$7.4M,$8.9M,-$1.5M
314,Noah Penda,Orlando Magic,G-F,-1,-2,+0,-1,-2,9.2,102.9,14.6,3.8,43.0%,32.3%,71.8%,$3.5M,$1.4M,+$2.1M
315,Isaiah Stewart,Detroit Pistons,F-C,-1,-2,+1,-0,-2,21.1,97.7,20.4,3.0,53.9%,35.0%,77.1%,$5.2M,$14.9M,-$9.7M
316,Anthony Gill,Washington Wizards,F,-1,-2,+1,-2,-1,17.2,94.7,13.4,3.5,49.8%,27.9%,71.1%,$6.4M,$2.3M,+$4.2M
317,Keyonte George,Utah Jazz,G,-1,+1,-2,-0,-2,38.3,102.9,34.9,8.4,43.3%,35.4%,87.9%,$6.1M,$4.2M,+$1.8M
318,Koby Brea,Phoenix Suns,G,-1,-1,-1,-1,-2,3.7,95.1,22.2,4.8,41.5%,30.4%,72.9%,$2.7M,$1.4M,+$1.3M
319,JD Davison,Houston Rockets,G,-1,-2,+0,-1,-3,15.1,98.9,19.4,8.0,40.8%,25.1%,68.9%,$3.2M,$2.2M,+$1.0M
320,Tyler Kolek,New York Knicks,G,-1,-1,-0,-1,-1,1.9,101.3,19.8,11.0,43.5%,32.9%,75.2%,$1.5M,$2.2M,-$0.7M
321,Jordan McLaughlin,San Antonio Spurs,G,-1,-1,-0,-1,-2,2.1,94.7,15.2,6.6,41.1%,35.1%,73.3%,$2.0M,$2.3M,-$0.3M
322,Thomas Sorber,Oklahoma City Thunder,C,-1,-1,-0,-1,-2,0.4,100.1,20.8,3.1,48.0%,28.1%,68.1%,$1.9M,$4.6M,-$2.7M
323,Jaylen Wells,Memphis Grizzlies,F,-1,-0,-1,-1,-1,24.8,98.0,23.3,2.4,41.0%,35.2%,81.3%,$6.1M,$1.9M,+$4.1M
324,Al Horford,Golden State Warriors,C-F,-1,-2,+0,+1,-2,23.3,99.3,20.2,5.9,44.0%,37.7%,81.7%,$7.3M,$5.6M,+$1.7M
325,Anfernee Simons,Chicago Bulls,G,-1,+1,-2,-1,-2,29.9,98.8,30.2,5.7,42.1%,36.5%,88.3%,$6.5M,$27.4M,-$20.9M
326,D'Angelo Russell,Washington Wizards,G,-1,-1,-1,-2,-1,4.7,92.9,23.7,8.9,38.7%,33.7%,75.9%,$3.9M,$5.6M,-$1.7M
327,Javon Small,Memphis Grizzlies,G,-1,-1,-1,-1,-2,24.4,100.0,20.1,8.4,41.2%,34.0%,82.5%,$4.8M,$1.4M,+$3.5M
328,Alexandre Sarr,Washington Wizards,C,-1,-0,-1,+0,-4,27.2,97.5,28.3,4.2,43.5%,32.4%,72.5%,$2.3M,$11.7M,-$9.4M
329,Noah Clowney,Brooklyn Nets,F,-1,-1,-1,-1,-2,22.6,95.1,23.0,3.6,43.4%,37.5%,82.3%,$6.8M,$3.4M,+$3.4M
330,Mark Williams,Phoenix Suns,C,-1,-1,-1,-1,-2,25.9,96.3,23.9,2.6,63.1%,22.7%,76.2%,$5.2M,$6.2M,-$1.0M
331,Jalen Slawson,Indiana Pacers,F,-1,-1,+0,-1,-1,12.2,97.1,15.2,5.5,41.6%,31.6%,74.4%,$-0.1M,$2.0M,-$2.1M
332,Julian Strawther,Denver Nuggets,G,-1,-0,-1,-1,-2,11.9,97.8,22.7,3.6,44.9%,35.3%,80.1%,$2.3M,$2.6M,-$0.4M
333,Isaiah Crawford,Houston Rockets,F,-1,-2,+0,-1,-1,21.2,98.6,17.7,2.9,44.4%,30.7%,73.4%,$1.2M,$1.4M,-$0.1M
334,Caleb Houstan,Atlanta Hawks,G,-1,-1,-0,-1,-2,0.8,96.8,17.4,3.1,41.3%,37.0%,80.5%,$2.3M,$2.3M,-$0.0M
335,Taylor Hendricks,Memphis Grizzlies,F,-1,-1,-1,-1,-2,19.5,98.7,19.7,2.7,43.3%,35.3%,72.1%,$2.1M,$6.1M,-$3.9M
336,Jamal Cain,Orlando Magic,F,-1,-1,-0,-1,-1,6.8,101.5,19.7,2.8,41.4%,32.3%,73.7%,$2.0M,$1.4M,+$0.6M
337,Nicolas Batum,Los Angeles Clippers,F-G,-1,-2,+1,-2,-1,20.6,99.8,11.6,3.5,42.2%,39.0%,74.4%,$3.1M,$5.5M,-$2.4M
338,Cam Thomas,Milwaukee Bucks,G,-1,+1,-2,-1,-2,12.7,98.1,30.0,6.2,44.5%,35.4%,83.8%,$4.8M,$5.9M,-$1.2M
339,Killian Hayes,Sacramento Kings,G,-1,-1,+0,-1,-1,17.6,97.2,15.3,9.2,39.3%,31.8%,77.8%,$3.4M,$1.4M,+$2.0M
340,Taurean Prince,Milwaukee Bucks,F,-1,-1,+0,-2,-1,12.7,100.3,14.0,2.7,43.2%,39.1%,78.9%,$3.1M,$3.3M,-$0.2M
341,Isaiah Livers,Phoenix Suns,F,-1,-2,+1,-2,-0,4.1,96.0,13.3,3.4,40.3%,33.6%,70.2%,$2.5M,$1.4M,+$1.1M
342,Kyshawn George,Washington Wizards,F,-1,-1,-0,-0,-2,21.6,95.6,25.3,6.5,39.4%,33.9%,77.8%,$5.5M,$2.9M,+$2.6M
343,Branden Carlson,Oklahoma City Thunder,C,-1,-1,-0,-1,-2,0.9,99.4,21.4,2.5,48.0%,32.4%,64.0%,$2.4M,$1.4M,+$1.1M
344,Brice Sensabaugh,Utah Jazz,F,-1,+1,-2,-1,-2,32.1,102.1,30.0,4.1,43.5%,36.9%,85.7%,$1.8M,$2.7M,-$0.8M
345,Kyle Anderson,Minnesota Timberwolves,F-G,-1,-2,+1,-1,-2,14.1,99.5,14.7,5.9,52.9%,29.7%,69.7%,$3.6M,$9.1M,-$5.6M
346,Jeenathan Williams,Golden State Warriors,G,-1,-0,-1,-1,-2,8.9,97.7,20.9,3.2,46.5%,33.6%,77.1%,$3.0M,$2.3M,+$0.7M
347,Jahmai Mashack,Memphis Grizzlies,G,-1,-2,+1,-1,-3,21.7,98.2,13.6,3.2,40.9%,31.1%,72.7%,$3.6M,$1.4M,+$2.2M
348,Corey Kispert,Atlanta Hawks,F,-1,-0,-1,-1,-2,19.5,97.8,22.7,4.2,45.6%,38.0%,81.9%,$3.9M,$13.8M,-$9.9M
349,Liam McNeeley,Charlotte Hornets,F,-1,-1,-1,-2,-0,4.6,99.6,16.8,3.2,39.2%,33.1%,73.6%,$2.5M,$2.7M,-$0.2M
350,Nae'Qwan Tomlin,Cleveland Cavaliers,F,-1,-2,+0,-2,-1,9.4,102.4,18.6,3.1,49.8%,31.0%,74.6%,$1.9M,$1.4M,+$0.5M
351,Bryce McGowens,New Orleans Pelicans,G,-1,-1,-0,-1,-1,33.7,97.9,18.5,3.7,46.6%,36.4%,77.8%,$4.4M,$1.4M,+$3.0M
352,Tyler Smith,Dallas Mavericks,F,-1,-2,+0,-1,-2,2.0,99.9,20.7,3.1,46.6%,32.2%,70.0%,$1.7M,$1.9M,-$0.3M
353,P.J. Washington,Dallas Mavericks,F,-1,-2,+0,-2,-1,28.1,100.4,20.2,3.1,45.2%,35.4%,69.7%,$4.8M,$14.0M,-$9.2M
354,Elijah Harkless,Utah Jazz,G,-1,-2,+0,-2,+0,18.8,99.9,17.2,6.4,40.7%,33.8%,78.9%,$3.5M,$1.4M,+$2.2M
355,Klay Thompson,Dallas Mavericks,G-F,-2,-1,-1,-1,-2,22.2,100.7,25.8,3.2,39.9%,39.8%,85.7%,$4.0M,$16.5M,-$12.5M
356,Justin Edwards,Philadelphia 76ers,F,-2,-1,-1,-0,-3,12.6,97.8,18.3,4.5,47.7%,36.3%,78.8%,$0.5M,$2.0M,-$1.5M
357,Harrison Ingram,San Antonio Spurs,F,-2,-1,-0,-2,-1,0.0,94.7,18.6,4.1,49.0%,24.5%,73.5%,$1.5M,$1.4M,+$0.2M
358,Drew Eubanks,Sacramento Kings,F,-2,-2,+0,-1,-2,4.5,97.0,19.2,2.6,56.9%,22.2%,62.2%,$1.7M,$2.3M,-$0.6M
359,Jalen Wilson,Brooklyn Nets,F,-2,-1,-0,-2,-1,7.4,95.9,19.7,3.5,41.6%,35.6%,79.0%,$3.0M,$2.2M,+$0.8M
360,Isaac Okoro,Chicago Bulls,F-G,-2,-1,-1,-2,-1,28.9,98.7,15.2,3.0,45.6%,35.6%,78.2%,$4.6M,$10.9M,-$6.3M
361,Aaron Holiday,Houston Rockets,G,-2,-1,-1,-2,-1,6.2,98.8,20.0,3.9,41.5%,34.5%,82.8%,$2.2M,$2.3M,-$0.1M
362,E.J. Liddell,Brooklyn Nets,F,-2,-2,+0,-2,-1,1.9,98.6,16.5,3.7,48.2%,30.8%,76.6%,$2.6M,$1.4M,+$1.3M
363,RayJ Dennis,Atlanta Hawks,G,-2,-2,+0,-2,-2,3.5,96.1,19.7,8.5,39.2%,32.6%,78.1%,$1.1M,$1.4M,-$0.3M
364,Andre Drummond,Philadelphia 76ers,C,-2,-2,+1,+2,-2,4.1,94.3,18.0,3.3,53.5%,30.7%,61.2%,$2.4M,$5.0M,-$2.6M
365,Micah Peavy,New Orleans Pelicans,G-F,-2,-1,-0,-2,-1,4.6,95.2,16.7,3.4,41.9%,32.4%,72.4%,$1.5M,$1.4M,+$0.1M
366,Lachlan Olbrich,Chicago Bulls,C,-2,-2,+1,-2,-2,1.6,98.1,15.4,4.1,48.2%,28.0%,62.1%,$0.6M,$1.4M,-$0.8M
367,TyTy Washington Jr.,Los Angeles Clippers,G,-2,-1,-0,-2,-1,5.9,100.1,18.9,8.6,43.0%,32.1%,69.4%,$1.9M,$1.4M,+$0.6M
368,Trayce Jackson-Davis,Toronto Raptors,F,-2,-1,-0,-2,-2,2.5,96.3,18.8,4.0,61.4%,15.6%,50.8%,$1.4M,$2.2M,-$0.8M
369,Seth Curry,Golden State Warriors,G,-2,-1,-1,-1,-2,19.7,99.2,22.3,4.4,45.2%,40.4%,84.5%,$1.1M,$2.3M,-$1.2M
370,Amir Coffey,Phoenix Suns,G,-2,-1,-1,-1,-2,6.2,95.9,16.9,2.9,46.1%,36.0%,82.8%,$0.4M,$2.3M,-$1.9M
371,GG Jackson,Memphis Grizzlies,F,-2,-1,-1,-2,-2,28.8,99.2,27.0,3.4,44.2%,33.5%,75.1%,$2.9M,$2.2M,+$0.7M
372,Gradey Dick,Toronto Raptors,G,-2,-2,-0,-2,-1,6.9,94.9,21.6,2.4,42.9%,35.9%,84.7%,$0.9M,$4.9M,-$4.0M
373,Adou Thiero,Los Angeles Lakers,G,-2,-2,+0,-2,-2,2.5,99.6,17.9,3.6,51.0%,23.7%,72.1%,$0.1M,$1.4M,-$1.3M
374,Nick Richards,Chicago Bulls,C,-2,-2,+0,-1,-2,21.7,98.9,18.7,1.9,58.4%,24.8%,73.3%,$3.0M,$5.0M,-$2.0M
375,Tyrese Proctor,Cleveland Cavaliers,G,-2,-1,-1,-2,-3,18.2,100.9,23.6,6.5,42.6%,31.7%,77.9%,$1.3M,$1.4M,-$0.1M
376,Bradley Beal,Los Angeles Clippers,G,-2,-0,-1,-1,-2,20.4,101.2,25.1,6.3,47.4%,37.3%,79.9%,$1.9M,$58.4M,-$56.5M
377,Trey Alexander,New Orleans Pelicans,G,-2,-1,-0,-2,-3,12.9,94.6,19.6,5.5,44.6%,28.5%,74.1%,$1.2M,$1.4M,-$0.1M
378,Andre Jackson Jr.,Milwaukee Bucks,G,-2,-2,+0,-2,-1,1.5,100.3,15.6,4.8,41.6%,32.7%,70.5%,$1.3M,$2.2M,-$0.9M
379,Noa Essengue,Chicago Bulls,F,-2,-1,-0,-2,-3,15.0,97.0,21.3,3.2,46.4%,27.1%,70.1%,$1.1M,$5.4M,-$4.3M
380,Isaac Jones,Detroit Pistons,F,-2,-1,-1,-2,-3,4.4,98.9,20.4,3.2,49.4%,28.4%,66.2%,$1.1M,$1.9M,-$0.9M
381,Pat Connaughton,Charlotte Hornets,G,-2,-2,-0,-1,-2,0.0,98.0,16.1,3.9,38.6%,34.8%,73.6%,$1.1M,$9.3M,-$8.2M
382,Bronny James,Los Angeles Lakers,G,-2,-1,-0,-2,-2,3.3,98.8,18.7,8.7,40.9%,33.6%,75.9%,$0.4M,$1.9M,-$1.6M
383,Nique Clifford,Sacramento Kings,G,-2,-2,+0,-2,-0,30.8,96.3,18.4,4.9,42.6%,32.6%,76.4%,$2.0M,$3.1M,-$1.0M
384,Larry Nance Jr.,Cleveland Cavaliers,F,-2,-3,+1,-1,-2,6.7,101.4,14.2,3.9,45.9%,32.7%,66.9%,$0.7M,$2.3M,-$1.6M
385,Drew Timme,Los Angeles Lakers,F,-2,-2,-0,-2,-2,1.1,98.8,19.4,3.8,47.6%,31.5%,66.0%,$0.7M,$1.9M,-$1.3M
386,Tidjane Salaün,Charlotte Hornets,F,-2,-1,-0,-1,-2,6.8,98.3,17.3,2.6,41.0%,33.1%,67.2%,$1.8M,$7.8M,-$6.0M
387,Jonathan Mogbo,Toronto Raptors,F,-2,-3,+1,-2,-2,5.2,94.2,13.1,4.9,51.9%,28.8%,67.1%,$0.4M,$1.9M,-$1.5M
388,Jaden Ivey,Chicago Bulls,G,-2,-1,-1,-1,-2,25.9,99.8,23.8,6.1,41.8%,33.3%,74.7%,$2.0M,$10.0M,-$8.0M
389,Mo Bamba,Utah Jazz,C,-2,-3,+1,-1,-2,7.7,98.2,16.0,2.4,51.7%,33.1%,70.7%,$0.8M,$2.3M,-$1.5M
390,Dennis Schroder,Cleveland Cavaliers,G,-2,-1,-1,-2,-2,22.0,99.1,22.1,9.0,43.8%,34.7%,83.1%,$1.6M,$14.0M,-$12.3M
391,Khaman Maluach,Phoenix Suns,C,-2,-3,+1,-2,-2,12.9,93.8,17.6,1.6,58.6%,24.9%,69.2%,$2.0M,$6.0M,-$4.0M
392,Bennedict Mathurin,Los Angeles Clippers,G-F,-2,-0,-1,-2,-1,33.7,102.1,31.3,4.3,46.8%,35.1%,86.2%,$1.0M,$9.1M,-$8.1M
393,PJ Hall,Charlotte Hornets,C,-2,-2,+0,-2,-3,3.3,99.0,17.5,2.7,53.6%,28.9%,74.7%,$1.4M,$1.4M,+$0.1M
394,Tristen Newton,Houston Rockets,G,-2,-2,-0,-2,-2,3.1,101.0,18.8,4.0,43.5%,25.4%,74.0%,$0.8M,$1.4M,-$0.6M
395,Sion James,Charlotte Hornets,G,-2,-2,+0,-2,-1,18.0,98.2,11.5,4.4,38.8%,34.9%,81.2%,$2.1M,$1.4M,+$0.8M
396,Caleb Martin,Dallas Mavericks,F,-2,-3,+1,-1,-2,10.3,101.1,13.6,3.9,45.2%,36.8%,62.1%,$1.1M,$9.5M,-$8.4M
397,Guerschon Yabusele,Chicago Bulls,F,-2,-1,-0,-2,-2,23.0,99.1,17.0,3.8,42.2%,36.5%,73.9%,$2.8M,$5.4M,-$2.6M
398,Tyus Jones,Denver Nuggets,G,-2,-1,-1,-1,-2,1.0,98.6,13.8,7.6,41.2%,34.7%,79.7%,$2.0M,$6.9M,-$4.9M
399,Max Christie,Dallas Mavericks,G,-2,-1,-1,-2,-1,23.6,100.6,20.3,3.3,43.5%,38.6%,87.2%,$4.3M,$7.6M,-$3.4M
400,Nicolas Claxton,Brooklyn Nets,F-C,-2,-1,-0,+1,-3,22.8,96.9,20.7,6.8,64.0%,25.3%,57.4%,$2.0M,$25.1M,-$23.1M
401,Gabe Vincent,Atlanta Hawks,G,-2,-1,-1,-2,-1,9.1,97.3,15.5,4.9,39.3%,36.4%,81.5%,$0.5M,$11.4M,-$10.9M
402,Lindy Waters III,San Antonio Spurs,F,-2,-1,-0,-2,-2,0.9,93.1,17.2,3.1,39.3%,35.5%,76.2%,$0.5M,$2.3M,-$1.8M
403,Trendon Watford,Philadelphia 76ers,F,-2,-2,+0,-1,-2,11.5,96.0,20.1,6.7,53.8%,32.4%,76.1%,$1.9M,$2.4M,-$0.6M
404,Sean Pedulla,Los Angeles Clippers,G,-2,-1,-1,-2,-3,6.8,101.4,21.3,8.9,38.9%,34.2%,76.5%,$-0.9M,$1.4M,-$2.2M
405,Dalton Knecht,Los Angeles Lakers,F,-2,-1,-1,-2,-3,3.1,97.7,21.6,2.8,44.6%,34.9%,71.5%,$0.5M,$4.0M,-$3.4M
406,Jaden Hardy,Washington Wizards,G,-2,-0,-1,-2,-2,9.3,94.1,26.1,3.1,39.7%,35.8%,77.7%,$1.7M,$5.9M,-$4.3M
407,Mike Conley,Minnesota Timberwolves,G,-2,-2,+1,-1,-2,5.6,98.3,11.9,8.5,37.9%,35.5%,79.6%,$1.2M,$10.7M,-$9.4M
408,Ochai Agbaji,Brooklyn Nets,G,-2,-2,-0,-2,-2,3.7,96.3,17.7,3.4,45.7%,34.2%,77.8%,$1.5M,$6.3M,-$4.9M
409,Bilal Coulibaly,Washington Wizards,G,-2,-1,-0,-0,-3,26.5,97.1,21.4,4.6,41.1%,33.4%,76.1%,$1.9M,$7.2M,-$5.3M
410,Mac McClung,Chicago Bulls,G,-2,-2,+0,-2,-2,2.1,96.3,20.0,4.6,39.6%,30.1%,73.2%,$0.5M,$1.4M,-$0.9M
411,Keaton Wallace,Atlanta Hawks,G,-2,-2,-0,-2,-3,2.5,95.1,18.8,8.7,40.2%,33.9%,74.4%,$0.4M,$1.4M,-$0.9M
412,Ben Sheppard,Indiana Pacers,G,-2,-1,-1,-1,-3,15.3,99.2,16.9,2.9,42.7%,36.2%,81.9%,$2.0M,$2.8M,-$0.8M
413,Cam Whitmore,Washington Wizards,F,-2,-1,-1,-1,-2,6.2,94.1,25.6,2.9,43.3%,32.3%,73.0%,$0.5M,$3.5M,-$3.0M
414,Chucky Hepburn,Toronto Raptors,G,-2,-1,-0,-2,-3,14.0,94.4,19.6,6.8,42.2%,31.5%,76.7%,$0.1M,$1.4M,-$1.3M
415,Caris LeVert,Detroit Pistons,G-F,-2,-2,+0,-2,-2,14.1,98.2,19.1,6.2,44.0%,33.0%,69.9%,$1.9M,$14.0M,-$12.1M
416,Malevy Leons,Golden State Warriors,F,-2,-2,+0,-2,-3,0.0,97.0,15.7,3.0,46.4%,29.7%,68.2%,$-0.9M,$2.0M,-$3.0M
417,Kobe Brown,Indiana Pacers,F,-2,-1,-1,-1,-3,14.1,97.4,16.6,2.9,46.3%,34.8%,79.7%,$2.1M,$2.6M,-$0.5M
418,Ace Bailey,Utah Jazz,F,-2,-1,-1,-1,-4,38.3,101.8,25.0,3.4,43.8%,34.2%,78.3%,$-3.2M,$9.0M,-$12.2M
419,Tyrese Martin,Philadelphia 76ers,G,-2,-2,-0,-2,-2,4.0,93.6,19.6,5.1,43.5%,33.7%,74.8%,$-0.6M,$2.2M,-$2.7M
420,Jeremiah Fears,New Orleans Pelicans,G,-2,-1,-1,-2,-2,22.4,96.7,26.1,7.1,44.3%,33.8%,79.7%,$0.1M,$7.4M,-$7.4M
421,Walter Clayton Jr.,Memphis Grizzlies,G,-2,-1,-1,-2,-1,23.8,99.6,16.2,9.2,38.9%,32.5%,86.8%,$1.5M,$4.0M,-$2.5M
422,Leaky Black,Washington Wizards,F,-2,-2,-0,-2,-1,19.3,94.0,14.9,2.9,42.5%,34.5%,78.3%,$0.3M,$1.4M,-$1.0M
423,Payton Sandfort,Oklahoma City Thunder,F,-2,-2,-0,-2,-3,0.0,98.9,17.9,3.6,42.1%,31.7%,69.5%,$-0.3M,$1.4M,-$1.6M
424,Alex Morales,Orlando Magic,G,-2,-1,-0,-2,-2,0.0,102.2,17.2,4.1,41.3%,30.5%,71.9%,$0.3M,$1.4M,-$1.1M
425,Zaccharie Risacher,Atlanta Hawks,F,-2,-2,-0,-2,-2,22.9,99.0,19.5,2.9,46.7%,36.3%,67.5%,$-0.2M,$13.1M,-$13.3M
426,Jalen Pickett,Denver Nuggets,G,-2,-1,-1,-2,-2,4.7,94.3,15.6,6.7,42.0%,35.7%,82.0%,$0.4M,$2.2M,-$1.8M
427,Jamison Battle,Toronto Raptors,F,-2,-1,-1,-2,-1,3.2,94.3,16.1,2.1,44.8%,37.3%,77.2%,$0.2M,$1.9M,-$1.8M
428,Hunter Dickinson,New Orleans Pelicans,C,-2,-2,-0,-2,-2,11.8,94.9,19.3,2.3,47.6%,26.9%,64.9%,$-0.6M,$1.4M,-$1.9M
429,Ariel Hukporti,New York Knicks,C,-2,-3,+1,-2,-2,6.9,100.1,13.4,2.8,58.1%,15.9%,69.2%,$0.2M,$1.9M,-$1.7M
430,Alex Antetokounmpo,Milwaukee Bucks,F,-2,-2,-0,-2,-2,1.7,100.1,17.9,3.4,45.9%,28.2%,69.8%,$0.2M,$1.4M,-$1.1M
431,Jonas Valanciunas,Denver Nuggets,C,-2,-1,-1,+0,-2,6.7,94.8,28.7,4.9,57.8%,28.7%,81.2%,$0.2M,$10.3M,-$10.1M
432,Doug McDermott,Sacramento Kings,F,-2,-1,-1,-1,-2,0.8,96.5,15.8,2.2,38.3%,37.2%,73.0%,$0.4M,$2.3M,-$1.9M
433,Terance Mann,Brooklyn Nets,G,-2,-1,-1,-1,-2,17.0,95.4,16.4,5.9,49.1%,35.3%,78.1%,$-0.8M,$15.3M,-$16.2M
434,David Roddy,Denver Nuggets,F,-2,-1,-1,-2,-2,3.5,99.4,17.6,4.9,41.1%,32.0%,70.4%,$0.0M,$1.4M,-$1.3M
435,Jordan Poole,New Orleans Pelicans,G,-2,-1,-1,-1,-2,8.1,97.0,28.6,6.4,40.9%,35.1%,83.5%,$0.1M,$31.5M,-$31.5M
436,Jett Howard,Orlando Magic,G,-2,-1,-1,-2,-2,15.5,103.3,19.1,3.2,42.1%,34.9%,85.8%,$1.7M,$5.5M,-$3.7M
437,Isaiah Stevens,Sacramento Kings,G,-2,-2,+0,-2,-2,0.2,95.8,16.7,8.7,43.1%,24.7%,79.4%,$-0.5M,$1.4M,-$1.9M
438,DeMar DeRozan,Sacramento Kings,G,-2,+0,-2,-1,-2,33.0,95.7,27.3,5.9,47.7%,34.1%,86.0%,$-1.6M,$24.3M,-$26.0M
439,Dillon Jones,New York Knicks,F,-2,-2,-0,-2,-3,14.4,102.0,17.1,5.6,45.0%,31.9%,71.4%,$-0.2M,$2.7M,-$3.0M
440,Mohamed Diawara,New York Knicks,F,-2,-1,-1,-2,-2,15.3,99.1,22.0,3.3,45.7%,34.8%,75.3%,$0.7M,$1.4M,-$0.7M
441,Christian Koloko,Atlanta Hawks,C,-2,-3,+1,-2,-1,2.0,98.4,14.4,2.7,49.2%,25.6%,67.3%,$-0.3M,$1.4M,-$1.6M
442,Rayan Rupert,Memphis Grizzlies,G-F,-2,-2,-0,-2,-3,38.9,98.7,18.3,2.5,38.9%,33.9%,80.0%,$-0.1M,$2.2M,-$2.3M
443,Julian Reese,Washington Wizards,F,-2,-2,+0,-2,-3,18.4,92.4,14.0,2.9,49.0%,28.0%,70.2%,$-1.8M,$1.4M,-$3.2M
444,Rasheer Fleming,Phoenix Suns,F,-2,-2,+0,-2,-2,15.7,91.9,17.8,2.0,45.5%,33.3%,69.3%,$0.7M,$1.4M,-$0.6M
445,Ryan Nembhard,Dallas Mavericks,G,-2,-1,-1,-2,-3,9.5,97.6,17.1,12.4,41.8%,34.9%,79.5%,$-1.6M,$1.4M,-$3.0M
446,Jase Richardson,Orlando Magic,G,-2,-1,-1,-2,-1,3.4,102.3,16.7,4.9,40.3%,33.1%,75.5%,$-0.2M,$3.0M,-$3.2M
447,Blake Wesley,Portland Trail Blazers,G,-2,-2,-0,-2,-2,6.7,102.9,18.5,8.6,48.1%,30.5%,62.4%,$0.5M,$7.0M,-$6.4M
448,Kam Jones,Indiana Pacers,G,-2,-1,-1,-2,-2,11.1,98.4,14.4,8.1,41.5%,29.7%,72.6%,$0.7M,$1.4M,-$0.7M
449,Kelly Olynyk,San Antonio Spurs,C-F,-2,-3,+1,-1,-2,0.1,92.7,17.3,6.2,47.2%,32.4%,74.6%,$0.4M,$13.3M,-$13.0M
450,Norchad Omier,Los Angeles Clippers,F,-2,-2,-0,-2,-3,6.8,100.2,20.1,4.0,46.7%,30.7%,71.4%,$0.1M,$1.4M,-$1.3M
451,Kevin Love,Utah Jazz,F,-2,-2,-1,-1,-2,17.3,103.1,20.3,4.9,40.8%,36.5%,80.2%,$-0.7M,$4.1M,-$4.8M
452,Olivier Sarr,Cleveland Cavaliers,C,-2,-2,+0,-2,-1,13.0,101.7,19.7,3.1,49.2%,27.0%,72.5%,$-0.4M,$1.4M,-$1.7M
453,Will Riley,Washington Wizards,F,-2,-1,-1,-2,-4,27.1,95.7,21.5,3.8,42.4%,33.0%,79.4%,$-2.5M,$3.5M,-$6.0M
454,Nikola Topić,Oklahoma City Thunder,G,-2,-2,-1,-2,-1,2.0,99.0,19.7,8.2,47.0%,30.0%,74.7%,$-0.6M,$5.1M,-$5.7M
455,Emanuel Miller,San Antonio Spurs,F,-2,-2,-1,-2,-2,0.0,93.5,18.1,3.7,43.7%,29.5%,70.7%,$-0.4M,$1.4M,-$1.8M
456,Ben Saraf,Brooklyn Nets,G,-2,-2,-0,-2,-3,17.7,97.9,15.9,8.6,46.0%,30.9%,78.9%,$-2.2M,$2.9M,-$5.0M
457,Curtis Jones,Denver Nuggets,G,-2,-2,-1,-2,-2,0.0,96.9,18.6,5.4,41.7%,32.9%,73.8%,$-0.6M,$1.4M,-$1.9M
458,Riley Minix,Cleveland Cavaliers,F,-2,-2,-0,-2,-2,5.0,101.3,17.7,3.7,44.9%,27.3%,74.1%,$1.2M,$1.4M,-$0.1M
459,Jeremy Sochan,New York Knicks,F,-2,-2,-0,-2,-2,2.3,102.8,17.1,3.8,52.5%,29.2%,71.6%,$-0.9M,$7.0M,-$7.9M
460,DeAndre Jordan,New Orleans Pelicans,C,-2,-4,+1,-1,-2,11.5,94.9,11.5,3.0,61.5%,16.5%,43.3%,$-0.3M,$1.4M,-$1.6M
461,Patrick Baldwin Jr.,Sacramento Kings,F,-2,-2,+0,-2,-1,0.0,98.8,16.9,2.8,41.6%,32.6%,70.1%,$-0.6M,$2.3M,-$2.9M
462,Taelon Peter,Indiana Pacers,G,-2,-2,-1,-2,-3,14.5,98.4,16.9,4.1,38.8%,30.9%,71.6%,$-1.3M,$1.4M,-$2.6M
463,Tristan Enaruna,Cleveland Cavaliers,F,-2,-2,-1,-2,-2,7.9,99.8,19.8,4.1,43.7%,28.2%,68.6%,$-0.9M,$1.4M,-$2.3M
464,Cormac Ryan,Milwaukee Bucks,G,-2,-2,-1,-2,-2,0.9,98.6,17.9,4.8,42.8%,31.1%,74.5%,$-0.8M,$1.4M,-$2.1M
465,Daniss Jenkins,Detroit Pistons,G,-2,-2,-1,-3,-1,16.0,100.0,21.5,8.1,43.3%,34.2%,76.8%,$-1.3M,$1.4M,-$2.6M
466,Yang Hansen,Portland Trail Blazers,C,-2,-2,+0,-2,-3,16.4,102.3,20.4,4.0,43.1%,29.6%,72.8%,$-2.1M,$4.4M,-$6.5M
467,AJ Lawson,Toronto Raptors,G,-2,-1,-1,-2,-3,1.5,93.8,21.5,2.5,42.8%,33.3%,71.5%,$-0.8M,$1.4M,-$2.2M
468,Tolu Smith,Detroit Pistons,F,-2,-2,+0,-2,-2,1.4,98.7,17.9,2.8,49.7%,21.5%,67.3%,$-0.4M,$1.4M,-$1.8M
469,Chris Youngblood,Portland Trail Blazers,G,-2,-2,-1,-2,-3,11.9,100.7,20.6,4.6,39.0%,33.6%,75.6%,$-0.5M,$1.4M,-$1.8M
470,Zach LaVine,Sacramento Kings,G,-2,+0,-2,-1,-3,13.0,95.4,27.5,4.3,45.6%,37.6%,81.4%,$-1.4M,$47.0M,-$48.5M
471,Bobi Klintman,Detroit Pistons,F,-2,-2,-0,-2,-2,14.7,101.1,18.9,4.5,43.9%,31.1%,63.1%,$-1.4M,$1.9M,-$3.3M
472,Jericho Sims,Milwaukee Bucks,C,-2,-2,+0,-1,-3,17.9,96.1,10.7,3.5,66.9%,14.2%,66.2%,$-1.9M,$2.4M,-$4.4M
473,Zeke Nnaji,Denver Nuggets,F-C,-2,-3,+1,-1,-3,8.1,95.7,14.9,2.7,48.1%,31.6%,69.5%,$-0.4M,$8.1M,-$8.5M
474,Terrence Shannon Jr.,Minnesota Timberwolves,G-F,-2,-1,-1,-2,-3,4.6,97.4,19.9,3.6,44.2%,35.4%,80.2%,$-1.5M,$2.6M,-$4.1M
475,Tosan Evbuomwan,Charlotte Hornets,F,-2,-2,-0,-2,-2,3.6,100.3,17.8,4.0,39.8%,32.1%,71.0%,$-0.9M,$1.4M,-$2.2M
476,Cam Christie,Los Angeles Clippers,G,-2,-2,-0,-2,-2,10.1,99.9,18.0,4.0,44.6%,30.9%,74.4%,$-0.1M,$1.9M,-$2.1M
477,Zyon Pullin,Minnesota Timberwolves,G,-2,-2,-0,-2,-2,14.2,97.4,20.5,5.1,43.0%,29.7%,75.2%,$-1.2M,$2.0M,-$3.2M
478,Blake Hinson,Utah Jazz,F,-2,-1,-2,-2,-2,34.4,98.2,20.4,2.6,42.6%,35.1%,73.0%,$-1.6M,$1.4M,-$3.0M
479,Ethan Thompson,Indiana Pacers,G,-2,-2,-0,-3,-0,26.5,98.9,15.8,3.8,41.3%,32.5%,73.6%,$-1.6M,$2.0M,-$3.6M
480,Isaiah Collier,Utah Jazz,G,-2,-1,-1,-1,-4,30.0,102.4,26.3,12.0,47.1%,28.7%,72.9%,$-5.5M,$2.6M,-$8.1M
481,John Poulakidas,Dallas Mavericks,G,-2,-2,-0,-2,-3,4.1,97.2,15.6,4.5,41.3%,31.3%,71.3%,$-2.0M,$1.4M,-$3.4M
482,Sharife Cooper,Washington Wizards,G,-2,-1,-1,-2,-2,5.6,95.5,21.5,8.2,45.4%,30.6%,77.8%,$-1.3M,$1.4M,-$2.7M
483,Andersson Garcia,Utah Jazz,F,-2,-2,-0,-2,-3,22.3,99.3,16.6,3.2,46.5%,29.3%,73.2%,$0.4M,$1.4M,-$0.9M
484,Josh Oduro,New Orleans Pelicans,C,-2,-2,-1,-2,-2,10.0,94.5,18.0,3.2,45.7%,31.4%,67.0%,$-1.5M,$1.4M,-$2.9M
485,Gary Trent Jr.,Milwaukee Bucks,G,-2,-1,-2,-1,-3,0.5,98.7,18.3,2.4,40.3%,36.6%,80.2%,$-1.3M,$3.7M,-$4.9M
486,Jayson Kent,Portland Trail Blazers,F,-2,-2,-0,-2,-3,0.0,98.7,17.9,3.6,44.2%,30.4%,68.2%,$-1.2M,$1.4M,-$2.6M
487,Daeqwon Plowden,Sacramento Kings,G-F,-2,-1,-1,-2,-3,18.9,97.5,17.1,2.6,40.7%,33.9%,84.7%,$-4.7M,$1.4M,-$6.1M
488,Carter Bryant,San Antonio Spurs,F,-2,-2,-1,-2,-3,8.4,95.6,19.4,2.6,42.9%,33.9%,72.7%,$-2.5M,$4.9M,-$7.3M
489,Kobe Sanders,Los Angeles Clippers,G,-2,-2,-1,-2,-3,13.5,100.1,18.6,4.8,45.9%,36.1%,78.6%,$-2.5M,$1.4M,-$3.8M
490,Vladislav Goldin,Miami Heat,C,-2,-2,-0,-2,-3,2.3,99.2,17.2,2.1,51.1%,23.7%,63.6%,$-0.9M,$1.4M,-$2.2M
491,Enrique Freeman,Minnesota Timberwolves,F,-3,-2,-0,-3,-0,16.8,97.9,16.3,3.3,45.0%,28.6%,72.0%,$-2.2M,$1.4M,-$3.5M
492,CJ Huntley,Phoenix Suns,F,-3,-2,-0,-3,-3,0.0,95.0,18.1,2.9,44.4%,28.1%,68.2%,$-1.3M,$1.4M,-$2.7M
493,John Tonje,Boston Celtics,G,-3,-2,-1,-3,-2,0.1,101.5,19.0,4.4,41.5%,30.6%,73.2%,$-2.3M,$1.4M,-$3.6M
494,Chaz Lanier,Detroit Pistons,G,-3,-1,-1,-3,-2,1.7,98.4,19.1,4.3,41.0%,34.1%,77.5%,$0.4M,$1.4M,-$0.9M
495,Jarace Walker,Indiana Pacers,F,-3,-2,-1,-2,-3,23.2,101.4,21.8,4.5,44.3%,34.9%,76.3%,$-4.0M,$6.6M,-$10.6M
496,Tre Mann,Charlotte Hornets,G,-3,-2,-1,-1,-4,0.0,96.6,21.3,6.9,38.2%,34.0%,79.6%,$-1.2M,$7.9M,-$9.1M
497,Cody Williams,Utah Jazz,F,-3,-2,-0,-2,-4,35.5,100.2,14.5,3.8,46.5%,30.4%,73.7%,$-5.0M,$5.7M,-$10.7M
498,Max Shulga,Boston Celtics,G,-3,-2,-0,-3,-2,2.3,101.8,19.5,4.2,44.1%,27.3%,71.6%,$-1.1M,$1.4M,-$2.4M
499,Tyler Burton,Memphis Grizzlies,F,-3,-2,-1,-3,-2,16.2,97.6,14.7,2.6,38.2%,32.8%,74.4%,$1.2M,$1.4M,-$0.2M
500,Kevin McCullar Jr.,New York Knicks,G,-3,-2,-0,-3,-3,0.7,101.4,16.8,5.7,44.4%,31.5%,67.0%,$-1.0M,$1.4M,-$2.4M
501,Jordan Clarkson,New York Knicks,G,-3,-1,-2,-3,-3,11.7,100.4,25.2,3.8,43.9%,33.8%,80.6%,$-2.0M,$16.4M,-$18.5M
502,Tyson Etienne,Brooklyn Nets,G,-3,-1,-1,-3,-2,4.6,97.5,19.1,6.4,40.4%,34.2%,76.5%,$-2.8M,$1.4M,-$4.1M
503,Drake Powell,Brooklyn Nets,G-F,-3,-2,-1,-2,-4,21.7,95.0,17.4,4.1,43.8%,34.5%,84.8%,$-1.9M,$3.3M,-$5.3M
504,Tre Johnson,Washington Wizards,G,-3,-1,-2,-3,-3,21.2,96.7,24.9,3.8,40.7%,36.0%,84.2%,$-4.2M,$8.2M,-$12.4M
505,Chaney Johnson,Brooklyn Nets,F,-3,-2,-0,-3,-3,6.3,97.7,15.7,4.2,46.4%,30.1%,73.1%,$-1.2M,$1.4M,-$2.5M
506,Terry Rozier,Miami Heat,G,-3,-2,-1,-2,-3,2.4,97.5,20.1,4.6,41.1%,34.5%,81.9%,$-2.6M,$26.4M,-$29.0M
507,Ousmane Dieng,Milwaukee Bucks,F,-3,-2,-1,-2,-4,16.3,98.8,16.9,4.9,44.1%,34.2%,80.3%,$-1.7M,$6.6M,-$8.3M
508,Brooks Barnhizer,Oklahoma City Thunder,G,-3,-2,-0,-3,-4,0.0,98.8,14.1,3.9,41.1%,26.5%,68.5%,$-3.4M,$1.4M,-$4.7M
509,Trevor Keels,Miami Heat,G,-3,-2,-1,-3,-3,1.4,99.6,18.2,3.2,40.4%,26.7%,73.2%,$-0.9M,$1.4M,-$2.2M
510,Bruce Brown,Denver Nuggets,G,-3,-2,-1,-1,-3,20.4,97.2,15.3,4.2,47.9%,33.2%,78.2%,$-4.8M,$2.3M,-$7.1M
511,Johni Broome,Philadelphia 76ers,F,-3,-3,-0,-3,-2,0.0,95.9,17.7,3.2,45.2%,30.1%,62.4%,$-2.3M,$1.4M,-$3.7M
512,Nick Smith Jr.,Los Angeles Lakers,G,-3,-1,-1,-3,-3,4.5,98.4,23.5,5.0,41.0%,35.8%,80.9%,$-4.7M,$2.7M,-$7.4M
513,Nolan Traore,Brooklyn Nets,G,-3,-2,-1,-3,-3,21.4,93.9,20.9,8.2,44.1%,34.2%,80.6%,$-7.4M,$3.8M,-$11.2M
514,Rob Dillingham,Chicago Bulls,G,-3,-2,-1,-3,-3,18.3,100.6,19.3,8.2,41.1%,32.7%,75.7%,$-6.9M,$6.5M,-$13.4M
515,KJ Simpson,Denver Nuggets,G,-3,-2,-1,-3,-2,2.2,99.5,17.9,8.9,41.3%,30.3%,73.0%,$-4.8M,$1.4M,-$6.1M
516,Colin Castleton,Orlando Magic,C,-3,-2,-1,-3,-2,5.0,102.7,15.8,3.1,44.5%,24.5%,70.3%,$-2.9M,$2.3M,-$5.2M
517,Patrick Williams,Chicago Bulls,F,-3,-2,-1,-3,-3,20.6,99.7,17.0,3.7,40.4%,36.8%,74.5%,$-8.6M,$17.8M,-$26.4M
518,Amari Williams,Boston Celtics,F-C,-3,-3,-0,-3,-3,2.8,99.6,15.9,3.2,49.5%,23.1%,63.5%,$-2.6M,$1.4M,-$4.0M
519,Garrett Temple,Toronto Raptors,G,-3,-4,+1,-1,-4,6.2,93.8,9.7,3.7,37.1%,29.1%,69.3%,$-1.6M,$2.3M,-$3.9M
520,Kyle Lowry,Philadelphia 76ers,G,-3,-4,+0,-1,-3,1.5,94.7,12.4,7.3,39.1%,34.2%,78.3%,$-2.3M,$2.3M,-$4.6M
521,Kobe Bufkin,Los Angeles Lakers,G,-3,-2,-1,-3,-3,1.5,100.3,22.2,4.9,40.2%,31.4%,77.1%,$-2.2M,$4.5M,-$6.7M
522,Caleb Love,Portland Trail Blazers,G,-3,-1,-2,-3,-3,10.6,100.9,25.9,6.0,41.8%,32.0%,74.0%,$-8.3M,$1.4M,-$9.7M
523,Russell Westbrook,Sacramento Kings,G,-3,-1,-2,-2,-3,31.3,97.0,26.7,10.0,41.9%,32.7%,69.3%,$-8.7M,$1.4M,-$10.1M
524,Kyle Kuzma,Milwaukee Bucks,F,-3,-1,-2,-2,-3,22.5,100.5,24.2,4.7,46.1%,34.2%,70.5%,$-9.2M,$22.2M,-$31.4M
525,Taj Gibson,Memphis Grizzlies,F,-3,-4,+1,-3,-3,11.3,96.9,12.8,2.5,48.6%,25.5%,65.2%,$-3.6M,$1.4M,-$4.9M
526,AJ Johnson,Dallas Mavericks,G,-3,-2,-1,-4,-2,2.1,95.8,17.9,5.2,40.7%,30.7%,81.0%,$-4.5M,$3.1M,-$7.6M
527,Carlton Carrington,Washington Wizards,G,-4,-2,-2,-2,-5,21.4,97.3,17.8,7.3,40.1%,36.0%,77.7%,$-11.3M,$4.6M,-$15.9M
528,Jahmir Young,Miami Heat,G,-4,-2,-1,-4,-3,0.0,98.8,18.4,5.8,41.8%,31.6%,75.9%,$-6.1M,$2.0M,-$8.2M
529,Bismack Biyombo,San Antonio Spurs,C-F,-4,-4,+0,-2,-4,0.0,93.5,10.0,2.6,53.2%,16.7%,50.6%,$-2.8M,$2.3M,-$5.1M
530,Joe Ingles,Minnesota Timberwolves,F-G,-4,-4,-0,-2,-4,1.2,101.0,9.5,8.7,40.8%,34.2%,73.9%,$-3.2M,$2.3M,-$5.4M
531,Jordan Hawkins,New Orleans Pelicans,G,-4,-2,-2,-4,-4,4.0,96.5,18.8,3.0,38.6%,34.5%,78.5%,$-3.3M,$4.7M,-$8.0M
532,Trey Jemison,New York Knicks,C,-4,-4,-0,-4,-3,1.8,102.5,14.7,3.2,51.5%,17.1%,56.9%,$-5.0M,$1.4M,-$6.3M
533,Jeff Green,Houston Rockets,F,-5,-3,-1,-2,-5,2.2,98.4,19.5,2.1,40.1%,31.9%,77.7%,$-4.5M,$2.3M,-$6.8M